5.959337163896064,2.959236637752571,1.653684090391213
1.089122438611235,3.122496030545816,2.507174966298564
1.65367779466124,0.494325231855867,-0.023901963421835
1.652889974741643,0.634150925193229,0.149390358664
6.775816895156677,-0.497048229592706,-2.324553396912086
5.992341719086147,2.963199553928276,1.642685654718371
-5.741023428233336,0.947983317475573,1.490874044206082
6.977581876712501,1.803724246595354,0.281162797015959
5.693578727993979,-1.877441750219858,-3.329092765286155
2.005026533277783,0.582634094450518,0.035647132882521
3.02165744525755,1.257802616372622,0.439783548125728
2.937253932617049,4.317263476302783,3.668972440826825
2.862311315023744,4.308191536108144,3.684789270984598
0.225105861986894,-3.57132846695428,-3.856347473353655
1.692823211830593,0.216623325692626,-0.196688665039045
1.254993510262219,0.018046787956599,-0.357569023093614
1.707174509087474,0.618974126601452,-0.050333354384304
-5.606824061106147,0.960897724637435,1.743007019011385
2.096365182304124,0.627686748034544,0.034030530807571
0.358795448500649,0.255000327188562,-0.063864779034845
3.483917357326061,0.967979308841549,0.129647071992929
2.705341842905105,1.503970633549552,0.751914256569035
0.622720473357484,0.102481691181397,-0.219532546257239
3.625019403200015,0.910430734571205,0.04948869265701
-6.138527511459658,-0.622814227784689,0.096405444137031
2.073866634537126,0.623462551721219,0.069309564801988
1.621210596546385,0.026975339308139,-0.571432558659041
-2.195590843806736,-4.113530116398545,-3.068518131176602
7.279354090229188,1.335405671988894,-0.616867669964875
1.864714566532581,0.728143992308165,0.206301627547739
1.928507027565377,0.616944237354154,0.071472564896564
4.522414163542294,1.589078208956315,0.389829122300833
2.911966735646441,1.415182389438193,0.60894225885881
1.882138774174859,1.5496064665257,0.903148766100059
1.488350189927778,0.374407697198428,-0.029400844274255
4.050382874465425,-2.827590908440579,-3.470283322901759
0.810351652093296,0.102614991844511,-0.178415069264575
2.114098635651234,0.261545436526784,-0.38044900809968
5.61855991199675,-2.003815221031439,-2.919432274581014
0.61794060779827,0.151088510699836,-0.225460463260989
1.505127400121241,0.374826719210316,-0.002351099512946
1.554303374447445,0.276460881648572,-0.104285973560813
0.532658074111861,0.192078791252133,-0.124685724798567
-1.166966450766534,-2.687410346615239,-2.599486722396824
2.722432810444309,-4.821802123742133,-5.499814320131741
2.162916557202041,0.64660352939303,0.034158891314104
5.755971586002746,2.930411016030635,2.026603910181806
1.122828608980044,-4.250101281554572,-4.461731684536808
2.11034029401504,0.647261484309726,0.037009837180676
1.351715167019581,0.136772886244464,-0.344267957032857
4.501018522892121,1.454633721211485,0.518913983793093
-5.643568623146905,0.951271402997521,1.479220117223585
1.811678925233167,1.409299062109335,0.926819280139439
3.661626761639816,0.940383296181286,0.085083704414023
1.864859309089422,1.417528761611351,0.863505801858881
0.54628354791875,0.240598014170047,-0.093495809134792
2.120799920148819,0.610321110365367,-0.039249106040462
0.457943845951824,0.206280138237792,-0.110171230153578
3.587051135156782,0.876681277739583,0.034033207721772
6.743781340245874,-0.576045381014247,-1.548842170303466
1.37050242732516,0.314396077019053,-0.050081104506561
-0.734635670001357,3.02546690159397,2.86785279992643
1.533670778975317,0.294179323922614,-0.085674370751725
0.540850519337898,0.217401961679015,-0.093666571786255
1.892812358873681,0.705650746285931,0.197037005772348
1.682734689294396,0.754237975675976,0.215320605830724
3.546336509481164,0.970055731720044,0.130289429627482
2.09722541962252,-4.819945146640772,-5.191949070664649
2.201559404447194,3.551226080810815,3.155881535918357
1.455786931018162,0.485378207607997,0.109942447041665
4.531188438492726,2.844253017322663,2.059464260836652
2.163125459281223,0.63533425968025,-0.019309070694095
2.153107782609456,0.619642691492951,0.016637375679728
2.02245275619266,0.628425412393278,0.090013870134766
0.861061080889324,-0.024349678939555,-0.402263695928929
2.733177886639282,3.776957389564187,3.376018125368537
2.131251823391265,0.527171417208878,0.062239964342429
2.162893434036921,0.62799641702543,0.004829778051636
2.007498935524926,0.182591329667697,-0.425820322991013
-3.344423559077314,2.96222962492438,3.451975203217309
-6.126766142239365,-0.532955867832424,0.188257073043663
0.693022744518634,0.057773525323722,-0.27442939508988
7.183769786887897,1.282966632278408,0.102891419864169
7.586771281360846,3.020308616243899,1.770216004660658
3.630375559833782,0.902070418019924,0.008811753488028
6.225436481103944,-2.008233642811975,-3.133671809476904
1.394817030798529,1.989109515730709,1.556540507984757
1.199898038963596,0.047754554759803,-0.428081677500545
4.05121631116601,4.202950694844321,3.281574960186436
1.024763018337751,0.153831300509995,-0.1991944315481
-4.520830503738519,-2.530876034844423,-2.46318989770261
1.642155821971622,0.573172720498296,0.067940300896894
4.381701244058826,1.56951080232273,0.59556652679456
6.605582966253771,2.244318242635162,0.632386412274585
8.30126667447099,1.171489688867249,-0.772922937472487
0.590758812334737,0.194719749289012,-0.135938987112379
0.944614203961509,-0.080113903995833,-0.597131317439435
1.476605956848495,0.350579682255291,-0.082631322098955
2.245338673845234,-0.691845258318504,-1.174333439660963
7.067053339756252,0.427270250874986,-0.782054344186473
6.728669021760448,-1.83726696434439,-3.17454036663354
0.353102510359075,-3.290429433402563,-3.438604608996325
2.123091733452576,0.604001300734056,-0.069417050819251
3.491158298567082,0.949711700882252,0.081055557028048
1.822994525350446,0.222972237278086,-0.214208685276752
6.698406592329011,1.672491427630148,0.167658242409884
0.421329908731814,0.229132120605224,-0.098626007449139
2.731555095606415,1.514433926848308,0.734468355844505
2.636478146523326,4.316936122304731,3.749882482259776
1.70425600593871,0.718058443473001,0.087656253013952
-5.538303204431053,-2.389082141277402,-1.586143838371865
3.593961170234928,0.88573367637402,0.038036555362237
4.481646253300549,2.849650583892862,2.35030763396636
4.745784542538091,2.846289382487909,1.8127467081861
1.487485573935413,0.49585366045916,0.124193170861046
1.7050271792926,0.778701386796374,0.312613179964372
1.649461334244327,0.208787874610264,-0.194242995810673
0.561979726250494,0.091452107976792,-0.16445904736414
1.06519340794286,0.075177663941373,-0.273405232389967
4.696289811908255,-2.338792075070153,-2.874376472539378
3.579800871522336,0.870183161570344,0.028418732204641
3.624400503654028,0.909920066924613,0.064558873075953
6.766544778013003,1.827476738169763,0.501225605116409
0.398444672142164,0.631140076277074,0.865600383877705
2.093357869152637,0.627716241496828,0.057587709900611
1.309436838965265,0.172125601606063,-0.177938492074255
-2.312758357221044,-0.024343922201031,0.159421351294661
-2.222477480255264,-1.243560446615685,-0.86024847902807
2.05350686601584,0.613346106240605,0.061761963505359
6.474573832677738,2.478186034465695,1.234129656399449
4.697635621361274,4.171940327595757,3.125933508167877
1.010972823555692,-0.077409989720759,-0.518701414992846
1.692377519755,0.718264201239291,0.324525334610219
1.722113307245585,0.201893812765504,-0.216760282506005
0.821831817654292,0.042237614245784,-0.238211863755065
-2.304271669308358,-0.020694203421054,0.205182870881216
2.16232739449522,0.633019055559752,-0.012566844465109
1.497767463422914,0.392241319520656,-0.00222500212938
1.849023752603218,0.14363403419841,-0.224520750624497
5.577367885852984,-1.890670607400029,-3.214754434602727
0.947034234793072,-3.931418396928209,-4.014881765253604
3.520066059599682,0.915549385656932,0.108365276212443
6.427581706630815,2.251995707168392,1.137961208226285
1.740855955580298,0.337357292534505,-0.184997326087829
1.427022285090762,0.283213023647504,-0.125079462575961
0.522748687096951,0.178509995722678,-0.150976183717974
1.48348185808527,0.341001055706542,-0.048025837070183
6.510658909803217,2.804898492373106,1.506980647496935
0.649362865584989,0.066428054751547,-0.338191278893601
6.966149768504286,1.733218658687408,0.128247210090967
6.331239795936193,-0.556212844514227,-1.297354933764064
-2.731589991411712,-3.001777259385371,-2.727407941584056
1.156444631208682,0.037625792664212,-0.411289446671882
-6.13970655497504,-0.915921033482679,-0.143882683127571
-3.937399465739399,-2.332473200747777,-2.026045746700153
2.131113317992442,0.641897332044733,0.029256575505727
7.181600598205547,1.320498428773986,0.148165327580324
1.922558124950494,0.631775364335235,0.096004950847579
1.564790783381738,-2.1436757374e-05,-0.566498388018453
4.252315124359952,-2.670068171258142,-3.549731311069295
6.454287918567699,2.505460675346438,1.169172002316173
2.793798483425578,1.472946154556152,0.60091365353226
6.484594732863139,-1.072853940408386,-2.303698725693388
1.591942004564586,0.236257458556559,-0.205866343896171
1.500595465686555,0.399631330259164,0.027617013675979
2.125149105953319,0.598225598592875,0.066646253318901
1.021352754938318,-0.077401617866321,-0.541669447784015
3.581215335159882,0.868985205361534,-0.017895728230459
6.808843920573816,2.517317644080765,1.140792363048334
-4.786643645485003,-2.567243085273937,-2.163479861895031
-6.01382161770908,-1.833869380110832,-1.156914296631481
6.97201408084282,-1.583140394081086,-2.933748866207971
1.962038744990859,0.673223650371457,0.163391323661564
8.036382870605243,-0.355179622033298,-1.925123960568654
3.440654097147531,1.052419781757569,0.202129501146464
0.559728440126728,0.392239575376321,0.088495538209652
2.066204913294465,0.617022628349993,0.042971652078661
2.148154344673927,0.643020815623267,0.053596049346125
6.148144018325366,-3.314785163584467,-4.752178576887433
7.448075631224418,2.990799468321814,2.0886031866633
0.53729805977266,0.218361323516676,-0.111346161323216
1.995398559596251,0.614933472353306,0.096533886135273
7.228626736880434,0.643254044620427,-1.138770883517392
3.594956801356599,0.878938870826904,0.025163026917302
8.312828269651154,2.147485906028952,0.68965255293412
1.491723060314291,0.337896990435608,-0.03832901954535
4.358296617969879,-2.401399920546462,-3.226784319125746
0.694470277289898,1.146817306929681,1.08292855521546
-4.279583452261544,2.375750220696998,3.221493482922148
2.105519471794301,0.646691873398771,0.047688219865429
3.906852401047042,-2.805505853825387,-3.469538639616934
2.808976428926845,1.47230562864678,0.649425248311211
-0.132479924053175,-2.830783466239652,-2.649514783136537
1.500259729661531,0.297598038388339,-0.078553196352156
0.324568384245328,0.255322362708271,-0.041027007386963
1.398736159817869,0.254521134335237,-0.103511887813801
6.993897631332359,1.810704644487548,0.341601510805595
3.621955996190328,0.38971649439654,-1.168383476157264
0.345534542751814,0.363217947657619,0.093280046894035
3.630865528558239,0.891521376218435,0.014440465778105
6.774136711419922,2.153254700633698,0.826369399020606
1.979813656700647,3.683495105694835,3.318937603886892
3.581422446597506,0.881296931845124,0.037567709487213
0.36079280156764,0.386940118487182,0.069794169696379
0.866694816586679,0.878612369301071,0.59463732768757
2.078202071646918,3.522149340556613,3.024101804970499
0.453350114608119,0.205608453581337,-0.127519397833403
1.047321174792894,0.08009814267997,-0.187150621943218
2.059373899058435,0.613909918534711,0.056096080920072
-5.14280024937692,1.775471574404496,2.466928217924714
2.107358424957185,0.649048452512227,0.046822777675433
0.558942162268435,0.09125730206772,-0.162182752589187
8.059548733550848,2.745661694326578,1.575887055286897
-6.08860664615003,-0.253982668540878,0.467105804529278
5.587836557221396,3.254320548806055,2.122203269065211
1.473097661513709,0.073147714103176,-0.454751838484052
1.10226815722657,0.007298931081671,-0.516429184552092
0.994728128662319,0.116446911268962,-0.255454140395304
1.16665841043084,-0.064518391925181,-0.400482282709455
1.534739188090215,0.294214271541852,-0.086097195427687
2.154373928860046,0.633327421921027,0.00801958761826
0.487936240701184,0.181791377507863,-0.121520162887659
4.51390754235475,1.372919335666375,0.307034279814366
0.347675986644013,0.364683302621603,0.107191847497025
2.099809371595984,0.62428335786864,0.000999802879428
1.501934712510732,0.347872822609168,-0.02728865276778
1.147504497424007,0.037464986966442,-0.368657793438078
0.575326746390822,0.219529532129775,-0.137222768672
1.488969806056672,0.362217201040388,-0.029198937426433
2.163958155260525,0.632273963997093,-0.002703528823255
0.600672574554099,0.152765779308209,-0.22135860982571
2.073957984220244,0.22674568802745,-0.437580708605427
2.103459027677426,0.639538150180078,0.028126321458961
3.580544860670991,0.876335104143545,0.027283455648729
1.670572638870365,0.207656823493747,-0.231568136141374
3.632398725418613,0.916067001579451,0.062985757931658
6.571202366762416,2.785334391120428,1.299976557923002
7.123821001356196,0.61718478163379,-0.636745976224849
0.563011488473017,0.243464689368721,-0.09009753042325
6.944785347328983,1.708602416777824,0.250170262331197
1.9740254731565,1.576216515947347,0.81550684324898
7.050437813429665,0.424864113112647,-0.803273740921737
3.405548223300312,1.09542588046666,0.29234748594857
1.134246859026313,0.022414411337776,-0.452725948009216
5.880651933236543,-1.712200199005339,-2.920049795207535
1.773275244800277,0.753837805117223,0.250440710353112
7.109084555559621,0.614230242036434,-0.665222677234059
1.536453082673177,-2.897643478954647,-3.346623235660422
7.144277449064414,-1.567716158857801,-2.774956083198634
0.875569528285665,-0.038518048278067,-0.410117113226958
3.510238774663963,4.269654803509022,3.301627157257518
0.477457387265876,0.19529286112261,-0.0874138164914
8.181918695907346,2.421513505341516,0.967796337321248
2.140312127130491,0.214190910033046,-0.263452595814072
3.626320111685805,0.897411997790049,0.03353962769872
-0.970240021285861,-3.636435870113348,-3.933837349976709
0.814278895769689,0.013809659198947,-0.413620182066757
2.99662733131698,1.286409931992527,0.543294037803442
2.000464514975871,0.584170273085947,0.036044569388264
3.506966037759795,0.90442764804091,0.061462733623295
-5.59495010828973,-2.420623471169532,-1.881782272837273
1.031944168709044,0.130744245755989,-0.204047729418645
2.517156631006232,-2.663017247775219,-3.083251307446436
3.77701680344693,-0.075498621635974,0.654137911316398
-4.520829958013262,2.372457892738865,2.884372641384786
3.537090350958192,0.95431709760215,0.122221275185101
2.155937896924902,0.649145610581211,0.043277238649793
-2.057939929656415,-3.978774772622967,-3.644598047772702
3.631416066519075,0.901734209586348,0.014236867508219
2.152709451107003,0.614151160603602,0.013288251758808
1.403817371681507,0.252916970869592,-0.119357020944145
5.916665605969281,-2.022994131160345,-3.099434713523822
6.696057644508882,1.63573633823848,0.140087806109572
1.599401731585658,0.027002180445923,-0.627006425166307
2.139236072029365,0.562315040380565,-0.111724524746481
0.67944909068002,0.054298024138144,-0.354743942939777
5.870111149452758,4.083237752320228,3.064040691033567
2.116844816586907,0.604160940925251,0.013131650452428
1.478124274417757,0.508009917058018,0.161798900627992
2.119439458012414,0.599397552154271,0.066199149689879
1.505036924584709,0.393228215991124,0.007308691864425
1.474789288594123,0.336232030312321,-0.071037160766699
-6.102349019606425,-1.392758710281125,-0.624778572930714
1.455379557162032,1.112682542611179,0.711030058297748
1.082993136695618,-0.007205992928995,-0.430802804335076
3.176921751509883,1.21383669882935,0.427390850343868
0.429141374970298,0.207808654353497,-0.101577157976018
-1.279341272317032,2.870757082142504,2.953487371873545
0.719227146271957,0.04153010740354,-0.376477949112908
1.798985951466145,0.186432473296035,-0.220397402406913
0.552870515262459,0.298640106308295,0.13951533880085
5.27177402005663,3.812060435559087,2.536166380704316
2.579888868361071,1.49685483227657,0.751683811561177
0.327357607796368,0.326090757047153,0.04315080152591
0.340237190014264,0.346651815481462,0.067700705705421
1.69744823821426,0.894886838959303,0.190920003317132
1.660899892859338,0.700086528492229,0.049754203106875
3.627884345539602,0.89440621453767,0.042272637903387
0.550290704564275,0.240839997696191,-0.080967011543028
-3.17085179817757,3.07175332500944,3.558174040736897
3.678643005692011,-4.626740710983485,-5.258912196010587
6.914431247965327,-0.510787093399819,-2.24426778097114
1.829799676947075,0.224161385860463,-0.183422570692319
2.009286626706567,0.592951892184871,0.059393517670007
0.929535606487768,-0.006556083187824,-0.434873087602569
2.775261199705971,-2.67352051152337,-3.120165860490494
3.620702942350203,0.912026148401364,0.06868455642471
3.775832367132846,2.957530797155558,2.507469251103572
1.658499113133525,0.417188508552158,-0.074248209666504
4.873375248296325,2.81342117735913,2.324240287269363
1.41920330462156,1.993936442942941,1.629315737799965
1.755506260802102,1.17076710952122,0.701032172126411
-5.900937640315384,-2.227732202995282,-1.578385518042502
1.478480554333594,0.335244310430077,-0.03693095629048
1.675744732392775,2.531639340364967,2.195620049115083
2.704617162816354,-2.655403865345286,-3.095960276020886
1.369544908937654,0.313983412668922,-0.050679380626471
8.221564470810026,2.45757927480874,0.875665161250053
0.566859307520454,0.240313488703245,-0.084795809709175
-0.784719328946428,-3.626703133666319,-3.736004450684241
-6.07708131343071,-0.256865438626582,0.516148631656627
-0.673402242446823,3.109273222418426,3.129103667579081
0.990683874673386,0.116784503334507,-0.243622885642558
-2.25635606442563,-1.235276675729862,-0.671801937637652
2.130715242671098,0.643323143195106,0.027540352776041
0.594577397107331,0.028536913842725,-0.260349007418888
0.785282858412773,0.134101346564375,-0.132155085036459
1.644856570648491,0.571467734517527,0.037590901833779
-3.480420125663029,-2.663117002984724,-1.958487418541625
3.468829818013777,1.029109181715488,0.157787398385562
-3.514867372402644,2.868496006319427,3.281313205281651
0.99190587165375,0.94188746565276,0.747063144472139
4.50443552966709,4.130527812545775,3.121867659168028
8.314313036778511,1.160440408742388,-0.644845705759115
2.030158893608005,0.630289055415548,0.094411052949013
-6.071988924201966,-1.8742298185749,-0.841187604251317
3.590575518721971,0.88409453083272,0.061790355528592
0.834670020504233,-0.001059848862649,-0.418460991768639
-2.228636907141237,0.152831690997914,0.433197964828641
6.755410534172302,2.54273539331821,1.272240320035541
7.015656696907405,2.016495083869025,0.500979378715509
3.670714758428044,0.887943431770294,0.006459492664497
-1.646824944933615,3.009256502791432,3.19263558707992
1.788913606372663,0.18705261516125,-0.234063055701457
5.389873069355311,-4.106920950321694,-6.60876679978756
1.821047068081245,0.705385344532489,0.18225465328188
3.652767042916166,0.95336162215644,0.120462414846529
0.782944310392978,0.134174910433094,-0.125699391898822
0.342440170949571,0.226597972986454,-0.113415185736769
-2.903753498097167,-2.916677612798494,-2.595008068342243
4.11422373009656,4.152725776057939,3.255448527282015
1.753200244886596,0.331438318021175,-0.145786547882443
1.672507574593269,0.393957098708267,-0.145802187827693
0.731070972008564,1.143212111899749,1.116017358588774
6.318269337625319,1.508117695040847,0.986935056669813
3.49002378614758,-2.860860661459185,-3.434123454069527
4.842893687430538,-4.460714182161924,-5.388746887371225
2.849230912728571,1.470581215603049,0.756623375238391
0.496456535073398,0.164384704390608,-0.110895837587046
4.322382713463439,-2.666486960450667,-3.388985304865411
0.806648986672076,0.102467857019646,-0.175136238623401
6.693939902935327,1.640413042680573,0.157276093290335
6.860901833247266,2.0531583237911,0.634126437392399
1.743488727758012,3.231777164927151,2.703057925566124
2.126024456408059,0.588423548501913,0.056203871241855
-2.29558616935921,-1.031424387998668,-1.554711285730163
2.159572005041815,0.653566444346912,0.034097011564759
1.702749976642469,0.501366321686892,0.032167368104752
0.398427162591065,0.240839439917639,-0.070578531909932
6.922205490577084,1.893440118038329,0.378250867967415
1.406774956804315,0.252069351216462,-0.136468559226628
2.273728322416082,-2.668527758653451,-2.632253128381415
6.175702569657449,3.18654231348201,1.8712086798156
0.568444061983106,0.240228382652709,-0.094551641217495
-2.315692890617718,-0.03212535640973,0.141930461955196
3.669079472563126,0.924242970513171,0.050850946688587
0.820778143965757,1.0323324856304,0.507065587317358
3.150391439824967,-2.829093622234638,-3.306424662468123
2.330714491624938,3.562867523568444,3.265863144170096
3.577544110149867,0.872603097510136,0.02566199164802
6.961750523138208,1.492349245478203,0.058726682645519
7.194026477870688,2.15518694432704,0.677706043043796
1.783655282717907,0.175506016899728,-0.262348787694261
2.002737737836662,0.582404422164497,0.038644095834471
0.372012939525819,0.247727866998884,-0.073426375097846
5.793674130155155,-2.026964486028272,-2.995610951922477
2.397012506916402,3.764043573467139,3.291994688236748
1.683852703832773,3.193374762003543,2.619437006149798
1.453189149058037,0.324664893565752,-0.054655705635937
0.396063234726503,0.240376413547467,-0.077535114016399
7.185183686210373,1.28327004200113,0.057035767508029
1.301248587306836,0.116827217236093,-0.416833196643517
8.199867542353324,2.437230917902968,0.946023565717636
1.01653861861592,0.154432464785863,-0.204568944640355
-2.316528792661689,-0.457313129558151,-0.130049389030848
0.443900627210897,0.203883933676082,-0.088746096884867
-3.725204826949916,2.685508557583018,3.27776509032909
0.400784118279942,0.241978041841583,-0.060255736347595
3.638791495950792,0.936073261715365,0.092686845273485
1.913298039020294,0.010118394490898,-0.609125652098789
6.889019644582127,1.924362931274843,0.552119280008932
0.322696079441444,0.285050618051104,-0.012895247016385
2.154367399372607,0.631186241867099,0.012063044098505
5.670456130202395,3.252397214330345,2.209982523193244
3.788130156470303,-1.807729595639247,-1.635583505193478
1.468055755796471,0.325267308027105,-0.099331381389756
1.490143765421415,0.34434172158057,-0.041185824471905
3.478453694043901,0.980819568158019,0.150658821587312
-0.18533784686517,-2.79020103641064,-2.530647149330443
2.287780121744166,1.388239539425943,0.752536271878231
1.479997611596056,0.354133934678568,-0.048726432283074
7.031438307515554,-1.588773408451892,-2.842961044994758
1.812526549488842,0.698659880643333,0.168579759494847
5.060542688756649,-4.475330209390346,-5.4468059428703
2.955232275837842,-2.773292609942318,-3.185605369953744
0.4226537847109,-3.555273063162409,-3.539273990222631
0.49366305963265,0.173214594348984,-0.10481611936108
0.801780488241248,0.118453678853515,-0.131275221275257
6.678585359458904,1.720015237241869,0.089116905577961
1.982992424929477,0.659930928390453,0.132621139699641
0.461639841127809,1.435097753357739,1.060312757422805
1.989980323695389,-0.10762279157136,-0.693200317807995
-6.127928368207666,-1.196157856787194,-0.320513350709287
2.013519636296349,0.61128816974446,0.078373010164619
3.597892541626143,0.866199991443114,0.008421816924373
4.438713265786241,4.125345409615944,3.131995919076022
1.724319059380007,0.777249760754432,0.319423901864449
6.878993010396884,-0.135807505701608,-1.199186293010349
-2.520963160266144,3.321814377714472,3.65055675570918
2.172077890260845,1.405199911460402,0.655387138053263
1.316194156142196,0.171543844199761,-0.132437515837942
1.180659823198535,-3.621543329377236,-3.779259863519808
3.696925737196438,-2.859336943598095,-3.476574374712054
1.701118822130359,0.620374227778134,-0.057019066305643
1.931620991298001,0.616517112728496,0.069969369564014
1.763613913383371,0.321317582479235,-0.294823891869146
1.591213274545731,-4.315985444007826,-4.794284763370748
-5.489414472352752,1.353289759450827,2.008854197799938
5.781357226909313,3.097459284525093,1.840784332128819
5.158746942242742,2.684368810911715,1.616790844940351
2.019949518247622,0.612861744464605,0.093143434209879
3.563970491470391,0.988316025362181,0.117697647802446
1.045026227345579,0.080992504205363,-0.184140831485619
-2.214347929351532,-0.635897405120888,-0.565249757372258
1.502062355710028,0.347435682539402,-0.021311598476935
0.553827530618319,0.111882537549537,-0.134384565241873
1.681539604849734,0.714668292948796,0.278684657184051
-2.10643610079705,-1.845808231504068,-1.477647843262837
-0.62254852952891,-2.253970770782298,-2.507787427213742
3.216881842952173,-2.818686106620648,-3.41586024219015
6.496770381177837,-0.471596333586508,-2.289599119375121
-4.368514758825833,-2.478403080426081,-2.216766538042211
0.527262176340809,0.189955547740365,-0.119146956882009
3.606653291888403,0.902002391976987,0.04330625745874
2.109742910899546,0.649913219236921,0.044975879492318
5.816189364810175,4.09750024952346,3.460576737461084
2.159323086293342,0.649998517131585,0.043069430515003
2.146379225855869,0.650184091149791,0.060168379095824
0.907689650804632,0.694143076483849,0.39233924993628
0.782656127753748,0.029069354125116,-0.403057164206087
-2.301682937430001,0.053860386909825,0.266301221457688
1.653438473722838,0.565975481981166,0.004323504203872
1.832303086683353,0.326566077488928,-0.120995711083474
6.926987573085921,1.367856909130021,-0.446931349993153
4.914472047330935,2.808587047350924,2.463680924443224
1.916131361631975,0.67443288739409,0.137187926988982
4.392851577802063,1.553594650407125,0.559606101810381
5.033910923905562,2.755572932710646,2.295284259250234
1.666134411541531,0.641458584408987,0.220538237052609
5.468057354941647,-1.925423484260827,-2.941111942728845
7.036718538250454,-0.031668583333441,-1.753870576708112
1.346573070392826,0.270280691961599,-0.12629976566618
-5.565813949899162,1.341139476537322,2.017961207884136
0.753138463948974,0.069118015956996,-0.208156334743312
-2.083391916620767,3.246227469702466,3.349406740430911
0.362061750683285,0.391885149185931,0.07192858670078
7.083025729150166,1.929635282505102,0.500002079663997
1.531643279580497,0.295296267656951,-0.086841323857387
8.340501220817632,1.931024200154429,-0.24343401949282
3.24395546828278,3.531383306204294,2.56938904216819
-0.11394025883284,3.163710428118296,2.87777802506696
6.683009033364177,3.545510447891161,2.588562325653813
0.865751281556215,-0.015649843920967,-0.455818746958049
3.626569349928042,0.899875685827656,0.04275710834409
6.972539753659355,1.818779229082424,0.2438274204268
2.16289692971091,0.616661740806405,-0.017486832811929
1.839882329638086,0.371061776740229,0.003836845189888
2.785466888962763,4.288082791309219,3.749947944516725
1.480895222092981,1.145595961114431,0.882887709423653
0.401253706317463,0.244127627978465,-0.047964261867112
0.326350070576001,0.25432386932081,-0.046122229739171
6.443434360697722,-1.074301642152357,-2.392411910432289
7.296236917728428,1.882946191096408,0.360847365359279
3.671168391119241,0.821644821112359,-0.065027058767909
1.663242900011979,0.699760769710759,0.058021676405686
1.521353848860333,1.181213304412146,0.834577010245862
2.671452545048882,-2.177952727133385,-3.059244702718904
3.192361042066279,1.205538259157147,0.398910345066003
0.903617860113716,-0.060495870181639,-0.495785905922848
0.323996914534655,0.269348455127779,-0.029282950902912
7.221660012461692,2.249856113716426,0.661981506021348
2.063395868058796,0.606546746821233,0.051265797662439
-4.829931027995837,-2.567885378250462,-2.14163538008244
2.117926002794924,0.616501601755291,-0.049648468406436
-2.793863399059967,-2.862057077808638,-2.398934230016085
2.689838119507928,1.531345533985589,0.80641655277837
-5.901862533876082,0.193640478637014,1.337729095439527
2.229077931300874,-0.691972921405199,-1.019558914633218
0.201074853717161,3.108173592464635,3.488498542128537
3.673775018306796,0.861828700966729,-0.004963921911997
1.485889184144989,0.342419260945156,-0.039119226314641
-4.858423907655735,1.901504929550869,2.774687259582082
5.167465903640809,3.821258653298268,2.654410307719405
0.394086545670197,0.240830709594508,-0.084983502283916
1.731656298789643,0.777011893441176,0.316426781152049
1.173834509372254,1.475505858446563,1.156723613194533
6.414791913046403,3.623512213974498,2.634048927665116
7.152183258305206,2.067211897714792,0.713467420584964
0.535219475485858,0.218013528311549,-0.113612391967643
-4.741667580857642,-2.569258970424622,-2.206130867942719
1.454922451501295,0.344383451527169,-0.075327922017117
-2.286640353957268,-0.764563031482237,-0.406672792674673
-1.599893861130562,-2.752464408872265,-2.540894916460002
2.160898080101538,0.649364054373401,0.00848755000535
1.4973113372804,0.400976521843141,-0.014042182206279
4.310775401851314,4.170959739938626,3.241672963903695
3.306466068305376,1.140225620606961,0.327797177424199
1.371156626329297,0.696954811396336,0.274183851319176
2.128441768345276,0.26040446060046,-0.360466096043304
1.758673238514384,0.323164128668143,-0.246180990639587
7.032091168911119,3.278753898222313,2.141654486705335
1.415662774056667,0.116694167563613,-0.418529982576894
2.136703616013212,0.558784943796527,-0.103617804990456
1.491857772441454,0.355558028986475,-0.040141935760734
2.146529571024829,0.560584123898658,-0.126104665748828
7.001140410879558,0.427217652064951,-0.869184345536171
1.588255811440424,0.248916125088795,-0.2020172118727
3.631873538322245,0.898338968046521,0.044206918953675
2.078091661667946,0.615112732116755,0.045664322827183
6.689101964603509,1.637646643465207,0.143143304445298
1.479436777449384,0.341320828628793,-0.035699808543999
1.3375148901774,0.755066248195374,0.260137031456961
3.671157117820358,0.901978015595569,0.011207816596618
3.582122144882826,0.892988719588962,-0.015112695414924
1.665848141257299,0.410616025831756,-0.122974925103587
2.034005748990714,0.184176375251062,-0.476224267646827
1.649386649373603,0.071217834234645,-0.556326638876048
1.123441044595468,-0.055427759786852,-0.446096631709212
1.482131891848655,0.371780411317189,-0.034064809055705
1.702122338041016,0.499729957955071,0.013030930376664
-1.039508711017828,-3.593709014116595,-4.324602777628131
1.453978899236167,0.363134907797019,-0.060782313507741
3.12752212149572,3.566154525036575,3.10775939839824
1.66496732746336,0.560445200349461,-0.059243172928615
1.558219578184276,1.169669240639557,0.79967467597271
1.231586481807315,0.015334482175325,-0.393519459265353
1.486215857010716,0.373685449268206,-0.012264421775001
0.530145685170682,0.189757764252453,-0.125451907751737
2.101384488166115,0.6293699348249,0.031710174183525
0.974707789144534,0.061974801678682,-0.232486175532479
0.347630199813455,0.230579198641962,-0.099980479762527
1.428920421496444,0.283014662160725,-0.108659601217453
0.927530565311833,0.721138595549144,0.429261633311337
1.511329081295285,0.027392526271081,-0.49452185552368
2.550361316142918,1.487366190366051,0.745798496532967
1.106117012281098,-3.616497722659153,-3.811028360429351
4.37086762822969,1.920728312284572,0.656252877200404
1.215629144491085,0.048061076168139,-0.406661715596292
3.134746213010961,1.228168776953947,0.414660073683943
6.868942322667849,-0.513554236519542,-2.485604328015162
6.419436181588281,2.551351108561727,1.030152858003278
-3.100765671726449,3.07824876591342,3.987637015702446
2.12778312673109,0.651309537704553,0.061718007051171
0.570545039287874,0.046313290279728,-0.180660284007202
5.381408741702109,-1.938318828358169,-2.198330744239724
0.757490589033931,0.107958121986711,-0.226087893138263
0.329176798585142,0.335977037846993,0.050546393553864
1.381649005115726,0.287976822397487,-0.084429675757558
1.331488563942471,0.213559044340909,-0.155180129181951
2.121826217233889,0.61258187185938,-0.062715813906745
3.374034374194913,1.113177142479967,0.23825789625039
0.985717431084965,0.116640932541948,-0.22171680244729
6.900673109853881,3.466713878002819,2.586951833850391
3.787997207361615,-0.01897011383382,0.974444414510056
6.932528450426245,1.374485828041314,-0.211850882541626
3.505603966463156,0.905132842422752,0.05945029985278
1.360556352417821,0.708154747152934,0.250074123394419
1.672602266373036,0.593073890471428,-0.026083210084033
0.745044926302756,1.137691144979772,1.024956469415776
3.571555666540197,0.987823617287515,0.094584621250936
1.459918078664974,0.485388458806337,0.111790404567438
3.353301312105693,-2.870830467162319,-3.401645334020929
3.452530381154285,1.051425996526122,0.18650036997543
3.511650423516553,0.914634554524667,0.069667491247121
3.584778163940068,0.87831429446407,0.044312748616516
1.466634864660873,0.329551206561278,-0.058044385383534
-0.223766192294114,-3.518758825697278,-3.601951293774434
1.50413699107448,0.360041290061118,-0.019131143522819
6.962748178187227,1.451252399750563,0.021437569248216
-2.165401881998416,-1.821854141110284,-1.207783574483655
1.049696964155887,0.079875340095609,-0.193989820782658
5.613704771450724,-4.129965248536252,-5.690059032122207
2.869261081036495,1.42650139721983,0.754080066640914
6.208273603015178,2.82440852176486,1.425442020607455
6.920841400503742,-1.775023344118722,-3.001488507470375
1.990871385768023,0.617962003745835,0.106067128670331
3.5932929798313,0.882358585423378,0.056221200586604
6.948594773913213,1.694400402251817,0.253342826614035
0.799151501227012,0.013837333982092,-0.446181095642599
-6.141248805685567,-0.920137647560706,-0.094213089065995
3.501195586897008,0.915407056837889,0.056659033796367
2.19892812408985,-4.805736990422008,-5.192676245747491
0.675505133828967,0.06601823625258,-0.34152649525835
1.446870037465773,0.323377415895597,-0.057719022915748
7.118278139946509,2.090253549329779,0.65560795699028
1.643259151412369,0.569868158247427,0.053604215879209
1.847484126956086,3.221914135058824,3.047430826449829
1.337776823618154,0.232356511569172,-0.126914930260162
0.856872226576001,-0.01562589971082,-0.426393828270129
2.120315064451725,0.595603739275594,0.06667368796997
1.495850957885849,0.340970624382664,-0.029557278484083
1.511226964142778,0.284723899246437,-0.094344315801232
0.406157805334668,0.242476244917945,-0.065873786313728
7.015849300396481,0.429005205786095,-0.859153686711889
2.69773415819373,1.520273700568254,0.756485512684019
0.350547010988236,0.23311997566471,-0.075086142620266
3.672808944546274,0.857981141772846,-0.017427478773904
6.743342769594037,-1.450699941914034,-3.327471777517387
3.532292995390098,-0.665658861695366,-2.264556689871255
5.188339711687297,-2.003863477863331,-2.639595602660384
2.131292239838547,0.584875889303584,-0.088339372228477
0.839276284977823,-0.015650457118859,-0.401932024526082
1.67331831882589,0.592683029590111,0.011971287487694
1.366107872662631,0.316265655369519,-0.055946766327149
7.147304095924212,1.690228867490851,0.406934949478666
1.215990131813005,-0.037758410034576,-0.39408526515778
0.524407463850622,0.190407825395857,-0.134306664636219
-1.033718909805634,-2.504396930536578,-2.410224069117094
1.660728497568712,0.572432587832309,-0.058413506142134
-0.986116886381268,-2.478935668923213,-2.277298187911378
1.706998137090146,0.215548230011711,-0.21501453917203
2.192964979165526,3.763438459018686,3.323173950399423
-6.052308269255187,-0.077174966326853,0.578363713340386
3.058244221458026,1.233528177645722,0.435886642241536
4.918673282545281,-2.072463804628487,-2.778898744277755
6.150986529937374,2.84046268266811,1.49798130250254
4.246763040966173,4.149998442816557,3.242342203292139
6.573856942920369,2.353871728147517,0.975515372248326
4.568287174889718,4.129480834387903,3.19815320858553
2.010567185373048,0.593217550920911,0.063447218065172
2.128675815903009,0.652176383487323,0.054367611597721
1.549899042669561,0.283894850346072,-0.103600888961118
4.808544816367435,-2.107205167624211,-3.114011613823891
3.58155977678978,0.889936617116525,-0.018635572889983
1.540303516322165,0.292597917101071,-0.111241455419081
0.515493886887996,0.1667664133568,-0.152845909120713
0.1119938515464,-3.000592493668339,-3.048322277938116
0.323924539661576,0.315914241867781,0.028935529189773
4.489956665022405,-2.42966214480074,-3.740110839251177
6.098835635945913,3.563304922291044,1.678217451433753
8.343726903694725,1.920385194239751,0.146341302024459
2.051520641773172,3.76337527764777,3.287767741357288
0.576369262682987,0.046365346748123,-0.171054844896875
2.001451516289987,0.583027340660469,0.034739578018341
-2.330668096696484,-1.882209437535542,-1.693751687205546
7.095073784075674,1.927712124336183,0.509307901802334
6.592463088001006,3.628947948218394,2.611984358434926
7.788201415288508,2.925310571836319,1.719968277129321
6.691943664781261,1.638614444417163,0.148805281927912
1.891484503507359,-0.021809313367265,-0.410918465852735
1.73084984082525,-2.847855780851219,-3.209181362463112
3.577451129199167,0.849964028017661,0.010075683436985
6.997988235390272,1.935474388269266,0.415138738610823
2.151249598802053,-2.686386801646575,-3.043385461982365
0.34632018550786,0.227165789128209,-0.106408650376955
6.650738958943751,1.94191451831398,0.479284714285655
6.105771342076065,-2.031780523337638,-3.199866833314599
6.257017169351029,-1.476641319333137,-2.568662911689815
5.497286012232547,4.667841027612452,4.314218386719006
4.860638771898954,-2.09548808845298,-3.044793863994827
1.666944336148191,0.561472983195306,-0.067474347561903
6.854514577882922,2.516286287944421,1.019105442631684
5.439173030616685,-2.021588016023438,-3.562194910348839
-3.851208306388868,-2.345475858353123,-2.015143589374636
2.094374740603744,0.627266822393402,0.045404713887143
3.362153813025927,-4.733603971310148,-5.252669969858797
3.0920364995823,1.235142089372693,0.440389120987216
0.359554432074633,0.614193962071473,0.272872324226756
1.469996517720539,0.327366573565261,-0.105464381056723
3.284640431262723,-2.830871708272352,-3.369587955019412
1.350996886902534,0.268383256712247,-0.120780854676924
-2.5778038121943,-2.588691289110162,-2.499067640955364
0.5967003071577,0.153017913265304,-0.177406828897361
7.198960600074638,-1.56265071599138,-2.731023384220947
1.270623521182805,1.312207978654873,0.7568702062366
3.670866468318946,0.89966305006935,0.015652359833732
2.122404084363113,3.773904876479004,2.911004175894773
4.51684775675194,-2.343384575576761,-3.0955998647541
0.353549158627052,0.233938988230818,-0.083541862338865
3.083845528977379,1.243012861187149,0.429041112813779
0.951376716606788,0.787290369684298,0.355821956241495
2.934684876243218,3.762097580503204,3.293840018223019
5.378312402615729,-2.007003174987408,-3.62460219604536
3.580891883712011,0.851181851169427,-0.016454345943143
2.224389328892924,1.369176974060834,0.663691569474446
-3.288831247548853,-2.874170897306777,-2.86868976254689
-3.696336534215039,-2.444768437290578,-2.33857562110475
1.853116205537421,0.143495772979711,-0.271242148628971
4.998879253972859,4.038505888777128,2.902510696799407
3.118857342017908,1.224875032192464,0.426349585812949
-1.494076231039637,-2.8479121877401,-2.2190996719954
3.670521091599807,0.896789837373586,0.021144802205571
1.1418158000565,2.887871748850922,2.552846691735828
2.164180471722882,0.634273507599394,-0.004553309162777
1.510288984866494,0.28928181262171,-0.093597451760601
1.685688911425737,-4.522524332231566,-4.513180671286077
0.50094395143569,0.163389244728994,-0.148306229944102
6.214566584288302,3.193034046868491,1.861675289215181
3.896237474907204,-1.675801694552181,-2.779004157181568
3.929808283650611,2.60971861786902,1.866146092721585
0.386533077066883,3.137686596838249,3.044203010057826
0.159345776066405,-3.256466321725793,-3.127945870606618
1.464551096147401,0.326657896815343,-0.107184582858163
7.990395777565551,-0.353884659740396,-2.01402272018997
3.776365292355634,-2.845668788421554,-3.502002456120841
4.064311936872516,2.666408531278162,1.963059676793486
0.078473576712689,3.136682354067065,3.211629418090983
1.255789225806689,0.07144133201885,-0.409437453569878
-2.219562624666167,-0.993317782321428,-0.756098672142506
1.565144833995522,0.256602186072628,-0.124075033964869
1.66825494111121,0.725680546179983,0.134273846100147
0.496217865138554,-3.598262485347419,-3.634262667621611
2.162485074466514,0.618661549881384,-0.020964381166679
4.834077096470655,3.593781741969266,3.159324348628352
7.852742672568477,2.881026343179295,1.559018100539731
2.098224775292895,0.622583725648569,0.03143597277035
2.262842122625643,1.389197053979694,0.790740281656051
-1.846813930447124,-2.753004360728311,-2.344682077870878
6.810900529345523,1.910073325328378,0.533489354574293
1.675008345449472,0.226557619690898,-0.207109473064993
-1.547457851966841,-2.845810209148528,-2.331384303287706
3.645823948351676,0.420831569631338,-0.87371961334781
-3.377916597184414,2.872899629863173,3.148862356772615
0.97635617757536,3.077240674035377,2.710737429668018
1.48668099378286,0.37543690336405,-0.025390378168512
0.331263166826647,0.234591481589125,-0.077776807117465
1.042640395579227,-0.038849011733999,-0.52713866886051
2.162325019589462,0.626702538255814,0.004238644663342
-5.988220805772501,-1.839000266615992,-1.277716447139533
2.139521585892711,0.648265806523504,0.050025332468625
1.736313967513723,0.337046449117019,-0.235405989345733
2.00633047966199,0.587649663796493,0.050385520033434
2.133148906319731,0.339914755086891,-0.134023037005069
2.188468271467702,-0.099057278289459,-0.559295864574513
2.162071220498017,0.627654850588664,0.001070015580851
2.132967698907195,0.585320008614163,-0.081326023905834
-0.404729893123028,-2.483241410373983,-2.14817958618736
2.039610671177873,0.629899314380386,0.083393688052829
7.187264719524062,1.275490616698707,-0.051154805244084
2.884968606318626,1.425049325295143,0.745892001197058
1.745995059888187,2.571573608697744,2.026454862888148
1.986163386726324,0.664840858547265,0.129049228552692
6.680327758107607,2.660290486880355,1.343614118986152
5.112492860838652,3.792320819578362,2.770213598777482
1.664331473012743,0.69425769535893,0.068831575223362
4.295613600410432,1.993429377212965,1.289256587945456
1.456170894488967,0.324850192300573,-0.060740561686815
0.468174602191912,0.207154652079038,-0.095672621262751
5.891106028995465,3.064962870705171,1.75968358651254
1.70744279019137,0.719043424040376,0.061718345966979
-1.889529866872664,-2.387504032649941,-2.160877875873088
1.697317951545334,0.415325943400311,-0.134302811087214
1.012115742151256,0.154556985207026,-0.241499111170986
0.330580443365721,0.234201692799786,-0.05693027786808
0.884602625914046,-0.060721135483094,-0.471899256447706
0.891013758068466,-0.038545428159067,-0.353872994661932
2.051222521165985,0.608528847442748,0.073983896910645
1.724214311756241,0.916989376883184,0.361167632894866
1.496235616048267,0.342082653575903,-0.014123799995842
0.366206605893913,0.261591226980291,-0.044297156780877
1.008690718523838,0.154928209236013,-0.258041894656671
0.492196135202117,0.181241853611195,-0.114025956785551
1.60626628737062,0.234570819841166,-0.144075252590598
2.159549022892941,0.598349706882991,-0.061770667744845
4.422469031607617,-2.441493968218369,-3.24219169622263
3.419667174237183,1.071733857311806,0.23017887762599
2.134275266454585,0.214125644285699,-0.251804712230158
1.449168842583434,0.323560720080913,-0.052676541917055
1.278467974716253,1.050204278770312,0.6086773973405
0.667385010899336,1.07646741918898,1.115825238286937
3.987468132283274,4.218180627639391,3.702195388333875
3.50997836057789,0.902473460260661,0.050964121675797
-3.777266013381295,-2.350713046650367,-1.998296155974575
0.825287756242381,0.955834418096407,0.525695309434747
2.155316186186222,0.578885912500465,-0.082153980749846
4.161235327369957,-2.27550316624413,-3.366103979181488
0.472783133989931,0.201221058053555,-0.094363104954534
2.268542603818608,-0.686164642424134,-1.194612021884137
1.65325926583085,0.568712059872423,0.021145520005264
-2.208490798540179,0.135199905749454,0.36863032263912
1.74755361983327,0.177319267576356,-0.256679956498878
0.35963955365499,0.254953328048344,-0.054223611626287
3.604946037785505,0.894147563276772,0.053805029210976
1.505110428370645,0.373117447050233,-0.003515729858244
2.394329589426768,-2.679133613035835,-3.061281212924903
6.911639876814909,1.888576361265925,0.387115288256472
1.504204089109912,0.399930127231738,0.030587557997256
1.628846789474982,0.207382549112982,-0.231671023745356
2.018109382599579,0.613222334754352,0.086372584192968
-2.318862026089635,-0.455884225447227,-0.091616017389085
3.600776482124314,0.891293036115477,0.03320823784415
1.707187358766027,0.635352744585763,-0.039524989958859
1.609614588999361,0.209113640170705,-0.177626534085519
-6.035366074517118,-1.843077394363037,-1.045148979862789
2.118124897740684,0.660747387405806,0.054667507562942
2.104937860450225,0.644658077681128,0.043214993680746
-5.27680253131413,-2.443425043876517,-1.914111642726444
1.706822765502232,0.479171441394857,-0.014424986679553
1.839528995906112,0.326211534526007,-0.053354725892356
2.122259074427411,0.666253196854217,0.04168701974866
1.439684745796477,2.866434628145256,2.420574684652649
1.96251529560538,-0.112658573946994,-0.709132686895589
-4.137220526772627,-2.332394694002143,-1.989570348552626
2.932932670512568,1.352102625245336,0.49107621022825
7.814292018905034,-0.795798047065498,-2.48003780331754
3.615587233151379,0.921845274541031,0.065907854093004
0.913507984706305,-0.061059359585137,-0.500580208857807
1.6656743974307,0.115418878222484,-0.431109108729414
1.757059427163521,0.177083897059285,-0.25875596579924
0.666839793924646,0.055349261279027,-0.246054832657183
3.821559211486472,2.960139551845669,2.722198895079752
1.909377371885616,-2.696089750363585,-3.131621550287013
3.54336909220325,0.970813408291794,0.12042043691684
2.087516117858007,0.623938886758336,0.030853102296481
7.152115594059289,1.592815405985719,0.375758931111327
-2.24202996659258,-1.013004722956028,-1.009467525414604
1.840003558040083,0.722466745866192,0.199933798520415
0.451111798592356,0.206176493240235,-0.116090847288593
1.638814340943665,0.716297225697509,0.149193434622606
1.607875635678829,0.220996776822459,-0.141365092303233
2.119962973208817,0.614935031963176,-0.042444409236125
1.949939578680654,0.101233040753643,-0.69570448422259
-0.02371330787655,-2.882854932142396,-2.922361398392378
5.684047791961277,2.745265944113322,1.998558134954547
-3.648337474932658,2.860518944680001,3.419074317435727
1.925852287221813,0.010090415782737,-0.639820794147496
6.61464569817859,2.730088075509818,1.378828721639416
2.152785362488462,0.616748659761301,0.001562632868816
3.764779364744515,-0.075561310330375,0.237058660421739
1.479907468068141,0.505910415120083,0.151980520768727
6.774030761136407,-0.566265309101084,-1.473074656257443
3.850209321396071,4.190702658638759,3.476213004217665
1.173400202282298,0.037956718594957,-0.432947653851239
2.100241141390363,0.625661302144418,0.024346575293477
1.53267449994997,0.024426986939053,-0.527131871408373
2.040776189536126,0.624754248723197,0.078305587226915
7.691301625163496,2.914525451948768,1.320215682732126
3.580932592000671,4.254495034208342,2.946972548133832
1.695859477343024,0.707268877953079,0.061816487917601
1.157629062457715,-0.064226206060552,-0.412114925560958
2.075322849300642,0.622878457525601,0.061712690279566
0.565319353541567,0.239135658467617,-0.074859792045823
0.676217087413197,0.055364360374689,-0.258814808307339
3.627897102846122,-2.8585509646574,-3.424909001649249
6.087454897823918,2.817720140517415,1.559393542193806
1.487897508329694,0.34401651019881,-0.044899303689637
-5.940568195620591,0.194654181018384,0.915375021535864
-4.097604046546194,-2.324244084601625,-2.026172026951135
-1.759771657399568,3.039055568357028,2.984993889842242
1.060073432484271,0.080012080291939,-0.24417467712561
0.578468798585659,0.219173042474503,-0.128022396734579
1.49555363710795,0.33942336059113,-0.03697194462344
3.495787073955367,0.924312373418728,0.075053586833644
1.462163047958054,0.483999431553021,0.111371274645916
0.689004357447476,0.057817969680013,-0.285354675103515
1.368562741541127,0.314837723235191,-0.06017123298125
1.83704091391568,0.365371888528895,0.011246906720334
5.604916322993759,2.758544678053812,1.932448888973171
1.106851295704262,-0.007515489141007,-0.477734911119595
6.71013159244745,-0.57613002563812,-1.527110590302968
6.784221753603488,2.518803140599131,1.235961813119127
3.371136023872056,3.248924676015344,2.758102151632437
0.509504048892322,0.16650053012372,-0.190922040939875
7.231100009766006,3.090301093538237,1.868879453099189
1.920987071421075,3.232515015576245,3.151378544832062
5.31538294292446,3.590014288922198,2.45843872111779
2.960133251456584,1.329353730912973,0.417817592802499
-2.155287277491257,3.250061288794712,3.570520708823866
8.210681913987795,0.322497573792461,-1.52875428458662
7.14282933054557,1.788853552311449,0.455165858035803
1.933462577939558,0.614760649411954,0.083872880450898
1.49612423099173,0.348255552361942,-0.044282565416024
1.492262218228089,0.469194964620573,0.084760799827444
2.131340151214882,0.238393846940189,-0.326258227008026
6.042784956381395,-1.726774941788932,-2.738448935974668
7.082861291987484,0.462151814669775,-0.757506654096397
-0.406211896625686,-3.521450384269786,-3.700947064547644
0.39015407333054,0.240476806889512,-0.068104080031178
2.424298887356183,-1.511608673412172,-2.314019752992357
3.660878445422027,0.840612499160966,0.028871850858172
0.69740526408659,0.042229609350791,-0.345189689170361
2.087448233877422,0.621848990708701,0.042313922780385
1.476539162738651,0.335602819694039,-0.063092685663389
3.602121061006316,0.890601840819537,0.047062196272372
7.185573492131989,0.943682421323645,-0.128551607286657
1.449478859518099,0.422862003461871,0.01084987832102
1.45005894771098,0.393980086375942,-0.008391051183447
0.788410134745267,0.135226456520986,-0.140125060244684
-0.002002272272326,-3.529879190832975,-3.466537187701048
5.221719016453931,3.84254089673515,2.586385251652977
0.360597082328315,0.582792875962162,0.132829365057906
1.423693558309678,0.115846299549023,-0.386130126856653
3.295156582185337,1.140897406909698,0.33735482991484
0.437549143469986,1.398346970508426,1.104416177206945
-4.403618643172185,2.355530668822094,3.019787198269192
0.33697287705493,0.348544591783531,0.066850770948674
3.666624628297658,0.923572315521738,0.056166451851838
1.341606346821254,0.756668158777361,0.250284400959739
-3.977653756917075,-2.332364300752533,-2.055363900144278
1.704128860539669,0.463580516712488,-0.035979580379822
2.513108117312021,-4.714584872474943,-5.271256850650492
5.068328988679032,-2.272574910283303,-3.095806105117215
4.511017079152743,1.422844635416435,0.435829179115328
1.375197568191565,0.304805178563205,-0.058528268293079
0.746326170959884,3.196377000836222,2.955655651432951
3.297326477412151,4.30571319141935,3.621929478019252
3.594756895585283,0.882109982973534,0.030856099533312
2.116789470315687,0.606040283526546,0.004058425240981
3.423528848493199,1.070850132463191,0.239480218829212
1.331168829278101,0.136303094032906,-0.365357295484779
0.322950074058487,0.284912448666351,-0.018571717673906
2.624921416963597,-2.168262120028018,-3.437708896012957
1.668109048060271,0.561964159936246,-0.064917319166317
-5.168139061338059,1.657280820242237,2.494101917950559
2.126935628637299,0.335317878485031,-0.198595307441797
3.093050426179239,-2.840289100967994,-3.284237945852487
3.43600723534556,1.060542822975019,0.206041282151469
1.499966113331319,0.397549308895398,0.020198676373085
6.57176653779119,2.267490347647349,0.970043804907062
-4.3491542982205,2.363537082308517,3.105205749298357
3.238661202678117,1.191519884828917,0.3886405979158
-3.89740567717666,-2.338983728143385,-2.001740399522573
-2.594193214589823,3.313630563421982,3.68138477786629
0.325062984116305,3.158466324894734,3.059655745559696
2.227738695400445,3.945286327331654,3.627205125520691
6.961657129054431,1.565377091532922,0.049648305795604
2.16099511227234,0.650233522198238,0.012703372046852
2.164446349947803,0.625192285325763,0.005007942397782
5.529559100209893,2.745773682647498,1.878505096653811
1.409753884687322,0.253281448617823,-0.14388188685907
7.089679604694757,-1.57796849223392,-2.784673783670104
0.422151952998942,0.224540090314595,-0.092388953306049
6.932666636869648,1.69445557696451,0.276264050051429
2.594737458158557,1.50388005509831,0.850226511918495
2.154786101730337,1.417159215416795,0.739702742596521
3.006101476054944,1.293919793138322,0.534151128999906
7.305636725555273,-1.368985820673782,-2.747611295724274
0.82669758906983,0.041998714244043,-0.241971581904848
1.836040749632253,0.325345885509025,-0.078864411252305
6.541376265384965,-1.947405351651086,-3.124826843517263
0.323233778987422,0.315351137188757,0.019987198703676
1.97435625970405,0.671008013921013,0.160666458530383
1.400907902156226,-3.333038359009836,-3.524734624189472
0.906568992795525,-0.037048024616751,-0.325566501279003
0.742605099380194,0.041489295780592,-0.396563365257898
2.128630959012399,0.579978192986482,0.036528259575538
7.046767607238499,1.943927520063749,0.673802851616938
0.335594788458463,0.228051188165997,-0.101091860934776
1.778058917285177,0.753774073676094,0.2419570327957
0.831687847287399,0.042069777610645,-0.251381379115643
6.998205183287137,-0.498736374451522,-2.177404229521143
1.400569390859156,0.832872309192396,0.490160003805103
1.195637941862673,1.475753042378688,1.075365414879216
0.412980774045861,0.228874966920863,-0.094005083402882
2.14313569118795,0.65198878732458,0.068902704991405
1.505274071710642,0.392914766123236,0.016459322287094
2.075959697260395,0.624054820853292,0.053557599937819
7.342584269048754,3.071705493985359,2.11979463678861
6.856380799717205,1.964775427054391,0.63780848423694
2.163323695973147,0.640662062315564,0.011254308769381
3.444286465993098,1.05304201993239,0.198969368209751
0.657663665959209,2.353373835723725,2.579516884501212
2.104341510118529,0.641826546153532,0.031025845744547
2.016668307660688,0.611559646277216,0.082824315616998
2.318271231476921,-0.699116500650039,-1.30064673247758
1.200120686321063,-0.037584214916906,-0.34896033214602
2.889916036904167,-2.771094631655663,-3.188308524581019
1.700597987356246,0.622962752097731,-0.062910117672583
1.705198838884192,0.461588731110303,-0.03599314801147
1.093196966320529,0.007302102677343,-0.523422778281266
0.299653167423438,-3.70155299098089,-3.867001051761753
0.434469554089645,0.207990397421981,-0.123092738052095
1.934539395922142,0.623758891840231,0.094683136479132
0.915618946565027,-0.006555595326857,-0.359784243110451
7.060492319433786,1.94178812394947,0.644855330820486
-0.439171507507754,-3.543970787597066,-3.719672524016522
1.5034816510543,0.354839484647528,-0.025011546993622
1.516225109897837,0.284661174464839,-0.099580710071583
1.386626604308385,0.285692449366213,-0.107866526668891
6.720620493643331,1.823007375919854,0.418960414883357
1.655265478240286,0.482110610543423,-0.068714219599776
1.687604927374728,0.421593108632451,-0.192280199334409
0.495051667319496,0.16487026985546,-0.097050773731837
4.762600806424097,-2.290488975273466,-2.823929736522202
1.718459363886134,0.776845050200908,0.327309934679403
1.743815049439259,1.167859345909427,0.507068210391875
6.901959737776588,0.328834342958633,-1.166680404930477
-0.043788370096066,3.179758124300321,3.10763543149514
2.030217738824361,-0.066364419744583,-0.611137902864466
1.497110841489298,0.39285047027259,0.001729825360432
1.754824998280241,0.322208614181593,-0.196158678005338
1.496139875897689,0.342016899638909,-0.021716829830803
2.162693829905274,0.622950897397913,0.002226342018784
3.445054496346011,-0.693301631562171,-2.949287566910102
1.666043437012866,0.634341503760365,0.077785232263785
3.2652179176303,-1.842012940302238,-3.077984805515904
7.186766751592166,1.281546618070619,0.011297152810267
7.176792409114881,0.927353335919973,-0.332452705412667
7.23391931298695,2.218658352463461,0.675345465580123
3.868196576993317,2.848482711255526,2.684825079723922
3.9788198723582,-2.796816784850215,-3.437246477090881
0.455636323362385,0.205830737115053,-0.123390536513959
7.031981193417136,2.115576287239819,0.709362727480484
-6.141007708517376,-0.923562228154566,-0.027855968110094
0.547416658525378,0.29568848154197,0.108271830133451
6.876824319496804,2.336639457466232,1.018036698478921
2.120517090958117,0.663542608515194,0.053001991001227
3.891416562410719,-4.608810003053888,-5.192244533862014
1.49538900623911,2.008981997310323,2.042973015969952
1.372006476898561,0.142996849617127,-0.349671861395946
2.152133100664383,0.61074224152264,0.021376440579602
1.839767982661158,0.348464491637148,-0.022247670541367
1.50935611313447,0.296668273433374,-0.091718792330018
1.794603119893548,0.711181210088624,0.188977687569362
1.685319900017144,0.116426682516328,-0.457045336240791
1.471517791654813,0.509512574694549,0.138643341042262
1.041618839136095,0.123078698650515,-0.181495367503242
-0.234039197368699,-2.427343735542727,-2.43401443716408
6.53504693545602,2.457770327439956,1.063548837704243
0.480994368159964,0.182271701038948,-0.101149763964553
0.543518284612701,0.203035442861885,-0.029598679593257
6.969288405349755,1.676218689738449,0.185713551905689
1.138802091484978,0.037365137847141,-0.414689725327972
1.662932115587778,0.629881328656557,0.077421355429954
1.707252253851891,0.499152577401276,0.012605105238412
-1.283987562570595,-2.709996843046703,-2.855573640433008
3.67219050964574,0.821207452348971,-0.022822314648599
3.630659435249579,0.891471707038469,0.040654741699612
0.543956875290651,0.294073467914637,0.063944890880396
8.236318705157245,0.32366042380058,-1.374909867651156
1.460201134942436,0.325976260364688,-0.053762639920118
0.772674854107365,0.10898434773418,-0.17513869037699
0.7548437828227,2.347676880671285,2.499501924600358
2.16137811516911,0.646061314656275,0.020840101012368
-5.956725893948875,0.191697347221394,0.848392419756922
1.81218407887006,0.223068512813009,-0.255239584394869
3.673131914615911,0.881712101706058,0.007134343601987
-1.909693241700467,-4.029591155371548,-4.587907274182246
0.84519792602488,0.009423386253163,-0.284361446948178
1.84541386752435,0.282322379384452,-0.181422296464075
5.025589452189665,-2.071475608607517,-2.846202736929948
3.595611509256322,-4.782839914908418,-5.302295062834164
2.834625848820089,-4.784214364427806,-5.383037793584813
1.603045865807264,0.234969811813092,-0.148637837884217
1.658421229952004,0.615809864717106,-0.017954531450945
4.516618393455365,1.344244126025953,0.294374277586435
3.636881648547182,0.934242969593354,0.083861888457952
1.505217514482534,0.35983714005527,-0.01037427891639
1.670821549452515,0.629596327751384,0.075300786552031
-5.201513966958474,-2.482991755143106,-1.956275042091605
-5.681397442834879,-2.392350699013943,-1.926249606215767
1.379696341357738,0.29571503627089,-0.060551054067777
6.406366119387664,-1.450910450731324,-2.239609717586916
7.106545788657947,1.729464808985343,0.501286206143186
1.496657924558353,0.446605766930615,0.067824645047692
5.418158436074278,2.656295170431749,1.921832601780018
1.90197014180759,3.095066187916033,2.771260675489046
1.938288818986333,1.559295792135824,0.786967436010996
0.706585721854722,0.057650341324513,-0.22934355602373
8.123816403430661,2.767992891973539,0.978350017503701
1.450486690547437,0.364486281886694,-0.042128673379375
1.641151359001192,0.207537547503404,-0.19860105505542
-6.054224996997398,-1.861868611292322,-0.941051698725596
7.001900808725138,2.04562318051853,0.469777510938704
3.275886635641607,1.165855433975287,0.341727261193512
1.858797355910367,0.142554204594522,-0.27637421432161
-2.310795496140178,-0.456156868657048,-0.20734726595768
1.369084293913335,0.313602959860171,-0.058672441659717
0.585701785202417,0.729011157483097,0.656769611239671
2.143870137149863,0.214378067324703,-0.322789633367038
1.672397100766266,0.575096251560934,-0.044595542025704
-2.672275094877987,3.193380616323735,3.670269318631671
-2.278254121381575,-0.785364975506012,-0.477168418835901
6.65267238833728,2.348769907254979,1.063621778200724
3.597522805243546,0.874263496580823,0.023422201709107
-0.782253810305777,-2.286045312274873,-1.864503974313978
2.359077649778089,1.429694966398048,0.639923157947691
7.059835147605533,2.061355464440349,0.703364259720548
2.334306679069583,-2.693102334923965,-2.89168207614627
7.657117444520424,3.000050572719174,1.201151341242611
0.355454686065561,0.254816097066938,-0.078586431237788
6.797768152436305,1.897183448616851,0.475945217491184
3.67311324889888,0.881997546648633,0.005364218827685
1.463641248214424,0.329380551826555,-0.065240093819893
4.820001976972418,4.039842558168638,3.202550584526493
1.268034750342631,0.069740734080344,-0.324039259740891
5.845137001151441,2.948595818310757,1.794760263364124
1.490083948265128,0.36171542447635,-0.029559848068517
2.152812067861122,0.609599505136589,-0.005029451507415
2.099610236970408,0.617055499006612,0.002178023929575
2.14167373327303,0.563190788917872,-0.116833939093632
1.483129747323903,0.027507328157022,-0.462279626977122
2.021257990649295,0.617638008917418,0.088898776667857
1.319473605523675,0.211564505663952,-0.143264599634835
1.471636076853682,-3.281516926392753,-3.44108880221096
-5.834480792515998,-2.201431630221575,-1.736608837945805
0.55212685140211,0.130796623906501,-0.11773244884253
1.317817223777201,0.191732674864221,-0.126486303994133
3.586008693977575,0.876309266956663,0.033771916045896
-4.093330959712846,2.496168385777233,3.126398642990313
2.103615137447223,0.640305881963447,0.023965931928711
2.153794921606893,0.613161065867663,0.012698447367241
1.70306086405723,0.619450671247757,-0.061202768500855
0.555491487089237,0.092126896456386,-0.157969630838756
8.250655319561643,2.22491706615894,0.772085615943713
1.466593222223375,0.506541771232595,0.133373990768395
3.596923033652315,0.875933940652101,0.035085358468411
6.844707451758421,1.948450308314751,0.596062435867679
0.913502468801134,0.719405451980558,0.424943007294294
1.661831842678807,0.414342443133699,-0.102439465085911
2.044943220058851,0.626988079375357,0.083228224399376
3.664687422512254,0.923722710797817,0.065164848935446
4.391913232206725,-2.637191301472769,-3.27981970464859
0.371327852872444,0.255649732534852,-0.066643242937282
6.401909442584398,-0.49602253124245,-1.976830356426509
6.022918761359194,3.250887470549718,2.474437415680781
1.94795200475193,-0.11101345570633,-0.751111159351049
2.118965035323351,0.658162897582157,0.055347334378334
-5.920986363005328,0.194065173619028,1.141753100641396
0.561888761694747,0.247308058969312,-0.093891418522436
2.163688294330469,0.614629640944609,-0.020474029076284
2.164007702807655,0.618534207746211,-0.023804095612922
6.711257450123957,3.481924909120126,2.591814304511701
5.270212493306368,2.672147458716364,1.446472627479416
5.492038883881401,2.652795703564785,2.046462316249118
0.431729490177947,0.207660465904409,-0.120253765731707
1.37703056434981,0.303894861988109,-0.050951984028813
1.897013703648074,0.704467996403488,0.191986936959841
1.705191128470764,0.504898613861173,0.049337785990458
6.790997912754141,2.182379775268811,0.75260112329505
1.656345401086044,0.208384680627774,-0.225818127194247
5.840438346016582,-4.005707088857307,-5.440103924763327
2.201086244300043,-0.105479887670089,-0.638290488674488
-1.97189808021274,-2.365467880482496,-1.950158200822275
-3.73538023908322,-2.443843651957801,-2.27021694926776
5.925239545863359,3.017944766745692,1.690235894619818
3.578165323155937,0.85156181290759,-0.016471891254555
2.116125994856711,0.601334728160091,0.002450954273307
-5.379983078091529,1.489860891225145,2.229998065042079
5.056194894614374,3.830712077590753,2.853768977618505
0.925342730503346,-0.080280059624578,-0.514262527528544
6.954990102129972,1.693867414750513,0.145067525832949
6.914620894008246,2.335408783915166,1.005747504565769
0.489300190637332,1.469968163862566,1.328673452660949
1.760027254092843,0.176658356319988,-0.252935499058758
6.287189630894028,3.159648743699099,1.755513971857942
2.374086811057035,1.430641931835795,0.622012948735364
3.598279674475011,0.875675085264072,0.013796767765379
6.633763052181688,2.330194933459163,0.94325928014652
2.130827594952255,1.423504212692475,0.829919825889493
3.672917055796752,0.863426216044749,0.005946302479483
5.88804500649051,2.958218112594765,2.077708260827866
4.887018328915826,-2.315423647488327,-2.758237374851709
3.510863518836828,0.907027168998452,0.054571976501283
4.441219473878293,2.853272177758152,2.283576712219733
3.603536002561483,0.891280013828864,0.05642871940725
1.365868142126722,0.696722116127551,0.249773366210582
7.624727091858622,-1.129084157413806,-2.700868755370184
0.709253914277505,0.053224994654848,-0.23119392412557
1.731394259751137,0.203050359755178,-0.231676950153927
1.924742331361314,0.633352294615304,0.089043638795211
4.940154088262821,4.059723010794904,2.951880604642699
-5.391234815434937,-2.433559714847188,-1.834956068098417
2.640754412424349,-2.660567702759168,-3.080891338567735
1.955202007439818,0.656444167204321,0.152114289277118
-5.277517057595458,1.66601020184783,2.296014533335011
-5.762709495784586,-2.367249214763601,-2.068955753888592
0.332019257132978,0.234579241522154,-0.090784958597523
3.360990080417793,1.107711799671266,0.295610636041174
1.493647656760342,0.349495809015076,-0.045928500197546
4.756565032910819,-2.443138807608593,-2.916448407767568
0.392343410801829,0.2399733426917,-0.073038040954792
-2.268751978397354,-1.234211223697374,-0.591126162612713
0.571065301572224,0.219881068310635,-0.108115766611133
3.583023925548323,0.890510201288542,0.008558754021471
2.147549646814933,0.650929867563165,0.058867506162415
1.742941353030422,0.778667624740858,0.300018711922413
1.682118175893425,0.227516256237148,-0.17531665204679
2.923604427129562,1.351178725267946,0.583163200781169
5.723683245054696,2.917094839734963,1.9957659411807
1.943303757507534,0.628776846035897,0.118290813409971
3.481037165766398,0.986313541416331,0.144880040757114
1.70438932402142,0.619859641737189,-0.055423838636884
3.654156929397075,0.944056128090781,0.112103088630999
2.133473857348275,0.637671683419628,0.051653204074912
6.440104076288452,2.54998892404099,1.100901008480726
1.939331345858753,0.628772330498969,0.098069343895902
7.167050815744552,2.071940287467081,0.769956705128442
-2.307321107269212,3.311599183616248,3.638011775032101
1.501720749947642,0.347627306272771,-0.014310591349135
3.574584727761105,0.971478990190833,0.089634835701084
1.491192389496957,0.493583237050079,0.110584173004237
0.322442170103938,0.315400241599913,0.010266414778451
0.506507882144734,0.166147471075467,-0.161545263262172
3.919387901274168,4.189100936903267,3.75330213384044
6.681268495745241,1.681865631237511,0.125032765005524
2.060959532658518,0.609576612853462,0.050170142173495
3.569771530626158,0.986387515889907,0.116620828675543
1.489006349348733,0.363527568628757,-0.032124426248616
1.464287204243163,0.483046649758206,0.116719999553085
-5.444269826091567,1.346012442096996,2.027591669283417
-2.013946449066009,3.246171341556501,2.900633187844507
1.498415317906813,0.442581241692513,0.038225557718114
1.465088050634899,0.329479821112676,-0.063982740330596
1.492092394529707,0.02742430045116,-0.467502815652337
1.474950948437839,0.508553954712496,0.144731778029412
1.253772499052722,1.685093808045423,1.415546804633222
3.720399746520281,4.202393991173447,3.382801766945144
1.885627347435517,0.010169581188464,-0.610520601203137
1.813252450957123,0.155697438364573,-0.461844197113911
-5.799390026974589,0.564986192573947,1.62267693090357
1.998306869331563,0.104059330064879,-0.54735537987705
0.561579933461519,0.375201239548978,0.061821360390011
3.428129739914776,1.075443498118868,0.231495463572364
-3.968213049776531,2.499458699534544,3.070049537508956
2.158030618138611,0.649481400177238,0.052346931903495
1.131964279229593,-0.055709041847296,-0.392389734397706
4.641873030682676,3.389572563595769,2.496167052516154
6.318203193110271,2.982649314071479,1.729768128329285
5.117577951538475,2.74412999282043,2.077926576043459
1.465660576763622,0.325304647709615,-0.10381787679118
1.998523568243108,0.617118179548484,0.07231498875885
4.239702967389042,-2.291413291568132,-3.352878841390191
3.511237283064194,0.90574868201725,0.062040372313274
1.126006210146429,1.473840918239902,1.113746985863102
1.835760596641826,0.03405112057868,-0.582126940430678
3.67328852719768,0.861865088429365,0.000524257386997
3.579907513713113,0.848428697927652,-0.015998821844059
7.135220219513709,1.770125857335559,0.448176622463846
2.123548543373056,0.340007878335677,-0.222846922252881
5.021169583060652,4.765067586424729,3.488004985375219
6.059140911333007,3.57246135871162,1.664882324075541
-0.355495314227218,3.150194219746006,3.16321417733698
-0.703476547909289,3.046336925613442,3.110044169274337
7.479864762679042,3.013947674670391,1.956307633169286
0.542631610994631,0.204052808580149,0.019401853998364
0.572408695056016,0.046240294607296,-0.176415099200774
-4.037258096536554,2.510619755026187,3.057907255255483
3.651300757283752,0.960728306634203,0.119255841504251
1.680286636203725,0.392831923409162,-0.188282171792108
0.854315592194005,-0.0237861616881,-0.360075555967699
1.567810122673653,0.255991699913655,-0.136913372152663
5.13712855875372,2.715482600695064,1.830962427813939
1.742637041555453,0.176934305124719,-0.25414729452514
1.450574579643969,0.363649745353232,-0.025622958354055
2.154855592759266,0.631487684939762,0.013418055875559
1.483210975690343,0.340118031555675,-0.044528672754181
1.497678152601583,0.331393289267494,-0.032905360704495
2.151432674817968,0.635148200065176,0.033710794670388
5.854589753558367,-2.027745898855676,-3.02933551811542
3.565158008760257,-0.681590378746454,-1.642495994290609
3.216452123542391,1.201216362365455,0.340728670747531
1.52342851073403,0.289735097180682,-0.102041881158002
1.561931982551736,0.257810041188281,-0.13031630859364
6.441752376788752,3.651911982629655,2.626254820360656
3.49400767513483,0.925894224917784,0.070689424838698
-1.609657443496952,2.969476611208729,2.979115205622044
1.807670882204901,0.220811044645011,-0.238515275690458
0.386347625087777,0.241782193980115,-0.07637050847205
5.636168102226855,-1.887652747106557,-3.402249572557803
3.633035795941045,0.936028659645907,0.077826191145094
0.619726722990283,0.746454086747032,1.085537131189626
6.60109620173488,2.781208917878316,1.321177126156116
2.940666390506768,-4.737382191560301,-5.321788446442929
1.294792288322816,0.117367840704128,-0.388203061613036
1.491993213274443,0.338825620173308,-0.040328063724304
1.376430872286363,0.821930946828362,0.326153757761346
2.141672565065017,0.651368251845295,0.065108152211431
2.138773805645074,0.648702081775329,0.039396086316735
4.422156765349969,1.553267490531532,0.40625974054648
1.433405545412814,0.297792436297823,-0.051092858787152
0.598405117759837,0.028486859231416,-0.297414333190589
1.957284399056713,1.556635006564832,0.771154787461717
7.124226537888884,2.0682123106174,0.677838711721807
1.619317438661268,0.836828294540106,0.346143695434664
1.108512963849289,2.221196495567797,1.847396313214954
0.322398150566082,0.28505025699899,-0.004902878594548
1.50518756392304,0.374451797771665,5.4317540693e-05
1.637020434165628,0.208193274639137,-0.205083199895968
1.917043073352025,1.550873803311317,0.748356994768446
3.491262590648459,0.949933839783153,0.069545200801131
4.768571403406869,3.506626020556806,3.075549674713494
1.687460990651091,0.717713799211557,0.316850423628389
1.271807736142683,0.088428146914588,-0.317643614830581
0.689924280471427,0.042121984437812,-0.320312584430475
2.999488494471637,3.750507657704551,3.257975661334525
-1.282668697743754,-3.774588515734158,-3.953259867562107
1.784761336124101,0.731256417474655,0.209834034896806
-2.367772743795609,-1.910881975941769,-1.827412259429241
-3.548443200206169,-2.556610021920827,-2.208642460847105
1.366344511335809,0.143148403626201,-0.342687373248796
3.671428887486639,0.892826027377418,0.01366220506209
6.152876521795998,-1.767504539112747,-2.668146495628308
3.672873787668502,0.878416815316157,0.008761041350872
0.409124562073586,0.241493476037967,-0.059728662074189
2.557886486363325,-2.200203006715665,-3.225692080053915
3.52724473207292,0.944253355318067,0.073686394979359
5.965246133923795,3.660778764001033,2.039595831268273
3.582147631467486,0.880391984525628,0.049322160876234
1.655299067956121,0.115275321419782,-0.500181630931466
1.695753087027369,0.623522125018102,-0.009197376186442
2.181689038793041,-2.667694099324187,-3.057257992714911
2.086333349428087,0.623085805521541,0.064878687358678
2.403062281706806,-1.482475269742801,-1.89055955799822
1.842039409050501,0.72453969785923,0.214817890341391
5.103277121972358,-2.191886442970022,-3.127650231249124
1.491110603883234,1.183836411471026,0.873672742617115
5.733599025532227,-2.00950767766394,-2.97122131682647
1.449306784162705,0.447562888763116,0.025645490822336
0.939024044971328,0.715480994823167,0.413785584864466
0.644379405252622,0.036489134389487,-0.154201313767897
4.413932889697059,1.556104826314845,0.454203463106777
1.451405894229117,0.449428957552525,0.052561646466617
6.466882811092541,2.448398409425832,1.154791536602883
2.823090183219362,1.471526581706793,0.723183745509998
0.84224536966126,0.042271159042656,-0.26987560659095
-2.187726279735449,-1.798093883189291,-1.110048464624183
6.370171816433942,2.593317439031397,1.26281927264071
6.816565966776545,1.937600351692205,0.578370902087902
6.340426699324578,2.144942245893264,1.072032379774719
1.570657568826791,0.256537217189883,-0.144481282410166
1.660793987916653,0.206983197017136,-0.227808167674312
1.412653677609387,0.264951806018287,-0.133495626691927
8.008055324644138,2.785215973376422,1.660437451768874
-2.493148748250596,-3.664312466777004,-3.56368706473895
0.654248336173291,0.036375326798623,-0.207868461302297
6.355536465668406,-1.501432462612693,-2.322144856011844
0.322904858385054,0.315277685614362,0.016754599331222
2.112443718731839,0.64997251098184,0.040002183826121
2.113636460943353,0.214951329924038,-0.396863000125964
1.505546553524247,0.392550399969793,0.000696986153121
-4.911208451732499,1.91283068914067,2.978591050355212
2.065285345549973,0.609086734088663,0.041686275924375
3.577281950930813,0.849875080473704,-0.005812023245541
1.926085906505871,0.632291745937713,0.082844668249963
3.90311611345177,2.259501293294262,1.755261625206791
0.543864971725888,0.218690121323685,-0.089308989803721
0.610174133889608,0.152236845977533,-0.22543554573983
6.928657970450415,1.871081349886497,0.253969563058873
-2.293895414893147,-0.763460033103212,-0.349269010593202
-5.215719297919835,1.669199598491392,2.333134620263936
2.396253534351979,1.435284187314574,0.721396007371192
-6.108927218210965,-0.43805160593833,0.296783341421574
1.838570373386676,0.287046785277933,-0.101481465297815
6.987800386155247,2.139093882035961,0.793030341934376
0.565605704881414,3.162068184543252,2.99352806964366
2.088699486664006,0.628961859884565,0.052333845376921
2.13604044874052,0.641677370737748,0.044293617998823
1.400540893961116,0.252213265462685,-0.099401914750849
-4.05783869680524,-2.329346721855381,-2.013422062012447
2.431190069586065,1.453375410033888,0.741853477531612
1.478922249880153,0.335585217964766,-0.027695845595213
1.486849824946807,0.342738613125353,-0.042289279621885
1.786409931332292,0.181225088362596,-0.261676092745252
2.78104636836609,1.498733715862333,0.593894787519013
3.671802164377029,0.89426393481331,0.016709635150953
1.486094064436784,0.375789798153943,-0.01136423136202
7.298140221157289,1.300701675557402,-0.305817818857512
1.830286490896086,0.712473225572373,0.182770539710137
1.834304445920288,0.712174580565898,0.186954098443498
3.83706984206289,-1.741813131819828,-2.244170734682107
0.649448724713324,0.036478277902299,-0.181912103831591
6.984985179981505,1.801036159916335,0.285075435125712
7.156331982508998,3.087034453019298,1.97358454072483
2.152968605268637,0.570223630386617,-0.082865096335378
3.586573599702489,0.880925241098176,0.024534809633665
2.108427423216528,0.651470173919298,0.047401894967209
-5.240268557393367,-2.499356662926281,-1.963258171838769
2.117318904533716,0.607835936406844,0.029797040205896
3.230355912318191,-1.871577120999554,-3.030731147894675
3.223422398930385,1.190309589823956,0.370319527137938
4.403946802248694,1.560530869360277,0.489969869560653
3.580382842665846,0.950416851729224,0.075551250908261
0.94770452959841,-3.581275374465296,-3.844439619308775
0.415066810511965,0.229065044937209,-0.09477718453047
4.117762759290895,-2.65058688081461,-3.450642294378892
1.560260297901739,0.257737226252856,-0.127132376787926
1.880306616318679,-2.760296616144772,-2.999139689059101
3.59633632405738,0.877545585070225,0.028679267434365
5.559329664416366,-2.01180160842595,-2.947258453191314
6.225482995370992,3.569036951030848,2.605656109843665
6.545621225414667,3.629834119089283,2.622633937370864
0.793885786758282,0.134422930587385,-0.1396121252802
3.664693818812374,0.750765589820294,-0.088667844734266
7.174374994966127,1.596293365891526,0.323717574546831
3.075487592019717,4.315465644475876,3.621695737539845
4.383091079761487,2.864001254248973,2.482736209760391
-4.565092722973572,-2.531278727466014,-2.499042237404508
-5.724330212608161,-2.381839466150482,-2.090211058989391
2.161976173976965,0.604265753364397,-0.040075350711422
1.359199166538846,0.302391835247042,-0.080863837977656
3.031188663835931,1.24992813443527,0.436893542708837
2.133114854124801,0.535389448421726,0.042668861921636
2.955645509079201,1.35883987614375,0.382250206938635
5.888025374530154,-3.630666405718237,-5.386334358134111
1.613972192401107,0.20923035789193,-0.199819631798383
0.34114638163364,0.362728039045735,0.07236513070156
2.179307232967708,1.408779625963403,0.545001416037761
3.349876763930395,1.127186349200997,0.342076219598684
1.149126956445562,1.471942008933534,1.177491231812814
4.831820615084416,2.822565965401098,2.104978267506657
7.051166355415537,2.001085502216192,0.718561176347778
3.626443834434502,0.899309727538336,0.026029781145852
6.281595387212308,0.460880392336406,-0.380424771169834
5.921320408796093,4.103546932622283,2.386672911648802
1.020903632701663,0.154195660394295,-0.196225277996823
1.50314157199107,0.348503149527433,-0.019852725926624
6.587276061727898,-0.694003015955658,-2.365691303810997
-2.300088787768076,-0.755135975948049,-0.298006582962555
-3.446264552753507,2.863654782213703,2.849517816302817
1.496762085277428,0.397120753719297,0.00888473573707
2.079386469065285,0.616614956736771,0.052160292712811
0.140630399715151,3.114195236121211,3.487020439090713
1.553031394372065,0.277414845619053,-0.099542188911552
1.056021331223147,2.234135213569378,1.940269610791375
0.562630427720983,0.699575040590459,0.50053329186633
1.697973587241751,0.75618935593346,0.102196183530188
0.462926464691195,0.207272311949811,-0.103782825530407
1.696573835758877,0.623065774654688,-0.049533777961457
2.199759956614375,1.371816594628888,0.609617569480808
2.087300367418485,0.623786979297302,0.055607691365714
6.853946983089166,-1.800080518187934,-3.043000678615381
3.600505891881459,0.877345172629981,0.017233712559509
1.30578055488022,0.172298119911472,-0.236303645581406
6.545789553578876,-0.655870851415943,-2.332229516180738
2.153009014999105,0.608020332073618,-0.009604494461357
1.481071655053807,0.341439322839081,-0.041673707183016
1.539150379385206,0.292814788493523,-0.087365284602275
3.311191181392642,3.517755671999084,2.721683143566009
3.554570330142647,0.984609201029749,0.124060239587956
1.704732751791324,0.896697155535652,0.241621670133877
1.553235419944506,-2.1469509035e-05,-0.567058582703063
1.501738816453018,0.34784715474302,-0.036743317619453
1.300801117360523,-4.225612068669329,-5.174914808361928
4.342866974022564,1.903615300704224,0.938990161007319
2.066588833702102,1.517237181801663,0.862325988741785
1.502278331460767,0.398501192046295,0.040561486804483
0.999116024191897,-0.07734480035213,-0.481487383102565
6.660149221062079,1.939873168831881,0.457497825128275
7.11664969502417,3.243297086133653,2.010699662852653
-1.336773717317463,-2.799379635166382,-2.601298356845976
0.800157345808473,0.133819555148803,-0.128157175973187
-6.133421395368131,-0.605536072692372,0.140477776527258
1.951453228515231,0.655755164216479,0.145427303418455
5.560582837829303,4.56484689179279,4.346513820718288
1.346535917373346,0.760895862833727,0.225808507617739
1.521399468958019,0.290255523037061,-0.100295385431683
3.14344284516679,1.226244037945884,0.417983364568413
1.333240224151181,0.753377338544095,0.245689649540369
7.978988051639606,2.958770265715676,1.731337508126638
1.375710361039024,0.30520391371959,-0.054921396892391
7.192863674841474,3.098563482446742,1.924900989575578
5.987291138138181,-1.728505273963647,-2.790906622159533
-2.227931296187991,3.30124911705146,3.592621829536597
2.063660538493694,0.22587981816428,-0.466417652444127
1.44959401090645,0.397750330091797,-0.008227953700912
1.393702111851986,0.144227827340371,-0.36673845644281
1.667311989789501,0.701153147046118,0.093369897877331
7.158775980023719,0.91519639901649,-0.496256971867078
4.953642005454463,4.725222674226253,3.366859263461939
2.122239460676345,0.597417572758781,0.064626946734537
1.344006472794445,0.234860471433371,-0.136092881066045
1.717329794674855,0.901710527330753,0.283159282463999
1.737745967976336,0.776525964430455,0.319190282667854
-5.961666418379571,-1.865069609711528,-1.398261917005597
-2.625248570541616,-3.474041794423262,-3.488817962920482
3.160375260408926,1.217954461910207,0.421851745887253
2.177816404926454,-0.098868954289532,-0.52972703240097
2.016987291512121,-0.066348585544547,-0.615685013724257
2.068549815990454,0.619021272628366,0.05830449110314
1.652788076324432,0.560582340125008,-0.010020685961662
0.361287287462203,0.2659536311335,-0.046652798629117
5.250617066834906,2.68404599589856,1.656186814924679
4.588507753414135,1.841690904105405,2.003251728757814
3.57923869965505,0.845430793508143,-0.016710252956192
2.504976281277306,1.46446204329972,0.750759470493513
-1.948547020361635,3.208649263340079,3.060524248573125
1.733308466838954,1.15684906315836,0.416866776172231
1.378800758865745,0.303935078875705,-0.05563050379744
2.090569482770494,0.260986519766974,-0.408936027557274
-1.928830724734951,-2.367928765130852,-2.057407442827224
0.743142264844082,-3.889069501693286,-4.040362404240026
3.551083967447168,0.972194383990322,0.137714002833303
1.914148351355222,0.675638799687733,0.150127687747264
3.67154501474165,0.819549454633793,-0.051505315376898
7.552245100012331,3.020732009510975,1.754187534992243
7.147585601790889,0.906345196595971,-0.564868268895726
6.706771724187406,1.697550649777082,0.208342238227693
0.871519811584438,-3.595281081603334,-3.839467821270798
-5.575971482639601,-2.417669020787268,-1.713808588569149
1.31310307754136,0.172176235742597,-0.147738192739709
3.201525976040915,1.21034473305779,0.367317861925557
6.605698731653188,-1.07405781345042,-1.968087279015836
1.902758590774712,0.692008609092689,0.17833278023224
0.863599842709034,3.179685214102487,2.902070765983623
-5.868228200228977,-2.214184054437022,-1.661892203182708
1.692432526768129,0.762309186493684,0.1618180594027
1.849142973797524,-2.834192137806718,-3.035425473673392
-2.299147746146672,0.125209664079917,0.297602925169047
0.541969564752537,0.204166233908543,-0.014957055117779
1.499102644122026,0.331342685409679,-0.068190225320049
0.848200320644126,-0.015651657110467,-0.38009482553986
1.662579153334723,0.569526737584948,-0.065746328219067
0.329287661769783,0.233949367341612,-0.0445347692621
-1.229106238213999,2.931024154532663,2.947449232081363
1.49780302578415,0.333732922939408,-0.04454564326574
1.595501386128482,0.234262555179322,-0.196912679746088
7.765349157863662,-0.796549627278237,-2.834631011500144
0.036850967930238,-2.897891497569858,-2.96515773348212
1.542267267978853,0.2922526005527,-0.113375816316355
2.213777353958413,-0.672697935161399,-0.732584924396568
1.933751187949063,-0.110836060445005,-0.752182346450175
1.69655478277796,0.802281848693141,0.132525643308607
4.268939009197135,2.412556079247006,1.481773047357853
1.656363653181538,0.630912475516852,0.085388453558456
5.63055183796241,3.258294496234215,2.249210263127807
0.658450718952899,0.036444223462018,-0.22478047710764
6.273041521338602,0.493743854969381,-0.208873624590998
2.076364904875464,0.618229372888551,0.042574059321582
2.027139349650027,0.628304221519281,0.087388042561846
3.528876813217924,0.95616951031029,0.081189132198462
-2.95843045194159,3.049838594677176,3.591248056844976
1.691046844202329,0.419918187434967,-0.212263458097306
1.625979975656606,0.208277890974132,-0.226763719488281
3.579469267861176,0.8754331192146,0.027032141677688
3.580360020666554,0.876376300046102,0.021254073108304
6.929463469970321,1.75809983121524,0.311515812860955
1.45721324296329,0.326144629767774,-0.060980252500261
3.499040929726925,0.923669552165877,0.071596116820779
3.60093643465714,0.873244903708002,0.005861883722894
1.499575018053899,0.347825710387676,-0.043754894468833
-0.282157957976636,-2.425560581310694,-2.285835540179162
-2.321760944672481,-0.244489677621018,-0.028823630963635
0.955836080368294,-0.079863311381315,-0.548717613694162
2.163788009970182,0.64729791731911,0.01866639738409
6.925539329563132,1.850795841723006,0.340060136044188
1.800310513439324,3.230612318018307,2.8746120287297
2.964786341623076,1.302132326985748,0.44813348360338
-5.161112032278658,-2.486726460008351,-1.975885465409498
7.080573798204568,-0.023779936643385,-1.49720133614092
1.647359269904265,0.207655717358997,-0.198996101126474
4.236681701019809,2.465921109029263,1.605496271019926
6.677338784255562,1.715413420575036,0.113565317177466
3.587544226568683,0.881922030364318,0.048268458541665
0.749197595411885,0.067281616402503,-0.213240940322198
3.534140284113761,0.953433030142215,0.111565747824937
-6.019217186811144,-0.068289870491687,0.661982866916172
1.44528979967708,0.308593025956334,-0.065402095719206
1.501370923732909,0.027419740339922,-0.490916678452652
1.651497527982066,0.597797596746861,0.124551406715363
2.985517233575361,1.288438603760937,0.514777807011113
-2.404553272154562,-1.92371750898235,-1.880430228847617
4.184752746882245,-2.656516479056727,-3.42532962889183
4.058676521953993,2.839822562957204,1.666551251575824
0.968868735853797,0.059821650554969,-0.267619905949228
6.385012717832382,2.220956799927499,1.082790458946852
3.647997695941747,0.956146938401915,0.112235216532767
3.56687255763659,0.988068770200069,0.123504983237291
2.10057834809735,0.630423921197287,0.02864116229096
7.017259177234017,-0.263893430946317,-2.01649886513988
3.597651116149345,0.865829754847469,0.011965911705824
1.935573242871343,0.630747734354909,0.098340734030474
0.87686065362026,0.877081392773322,0.549581040196339
2.126403084738219,0.652366790903899,0.058424183923405
3.486797548885725,0.95381301500021,0.112377458650467
6.733604884536421,2.655863556317082,1.449513550467499
3.577957019219726,0.851217969383495,-0.007596120312869
1.921971286876647,-0.107978910119292,-0.582039948383086
8.066928565696518,-0.354314266467709,-1.852871237074195
1.661921456741238,0.633940467718084,0.090693694460855
-2.797513282416972,-2.641701389865712,-2.752791192359459
1.699987722776316,0.624721846674099,-0.055481298645291
3.683709713893351,4.223188731442303,3.406300511333005
3.064389624228733,-4.826856654403428,-5.305295755959563
3.664113916454864,0.927807499120595,0.071028955069444
1.070147121831905,-0.006132133265532,-0.312826301285793
2.164724589335557,0.626906209424816,-0.004469392765207
2.030608482624202,1.561108937375953,0.912156372935397
1.702298155239589,0.242154594197673,-0.435283196286552
0.334314696573951,0.348536105634981,0.065808986757338
6.634357557807541,-0.707541722828388,-2.328452617792296
0.323427966275418,0.283075161804681,-0.023259910862764
1.937443803548734,1.554357369676684,0.760859017211044
0.497861907269595,0.164093495147014,-0.135603676541006
1.718177074570426,0.243326107010032,-0.359675470460487
-0.484238726537685,3.142065044908355,3.563859208144399
4.618170131325127,4.135384327296972,3.178266161577819
0.333798276887282,0.343864288090019,0.062832697173453
1.695572346127872,0.623909086343268,-0.049918736441604
-6.065612226666427,-0.25780919532962,0.541322215761732
3.618225219033916,0.920084117456933,0.05472400267862
6.833954690082262,2.056303865251038,0.646772470663705
2.116597453849491,0.6565168184919,0.057922678938136
-6.095271468053793,-0.25246223703617,0.400697843624161
1.408807741925238,0.116576835959085,-0.416673610412969
6.674144608292045,1.728072187613713,0.158789474856486
2.157149436673879,0.650091762024474,0.050988828616332
-2.207155371077756,-1.273349783077185,-0.972918547691915
1.600209850859222,0.234402977811431,-0.167342643480592
3.599186126041677,0.870038666570381,0.005666523344808
0.36536843400472,0.619198052730542,0.471602612148903
1.669397850826542,0.560038690322871,-0.057326424431723
0.583070224283059,0.219036373431639,-0.126965565893417
3.560973283258948,0.983877174976747,0.121866232598129
1.68045339918822,0.754857387043928,0.204350776241844
2.002996355122193,0.142239885504153,-0.503570490129538
3.57747171252414,0.861410188387541,0.024118160625715
4.457799022611359,1.43166951908187,0.557981914385685
3.580186315049224,0.874828881392853,0.027413162790671
1.876237914933457,0.725847361141451,0.202783818897286
6.449662534599559,-0.461750901240016,-2.183903080196957
1.786927300107677,-4.547489853515022,-4.282177050673043
1.15704128318364,1.898090614616079,1.475492788562893
3.52479245838155,0.946080294297609,0.086141336352785
1.679096708658072,0.226007139625194,-0.177401171189117
0.380740233391937,0.242845906468279,-0.076565413494579
1.659289067239139,0.63505189434879,0.087184253046828
-5.876746087115905,0.554316208947604,1.4376509416422
1.711353695687841,0.201879160846448,-0.203701017387966
1.297426890356926,2.891461600396634,2.831725040423532
0.343237840422885,0.36298848314692,0.078826245447043
0.627581366570725,0.10270325259981,-0.226794450156162
2.529629274405846,3.76762316874852,3.35326656470464
1.704130614195992,0.502445239515402,0.046221189401088
3.101173263227807,1.233199284890354,0.43317196413894
1.67124240875508,0.715433617925318,0.252625006059548
1.701666636621484,0.619092038880745,-0.056378646603513
1.076042277023243,-0.007200626139688,-0.382289978511256
1.358072205085303,0.287292800048719,-0.097536678610664
3.648645757009702,4.270939317929198,3.192981004869807
1.837015595627342,0.326731152661055,-0.021402359469174
5.411560704922675,-1.92919725752797,-2.668557469764762
4.878778183551329,4.058392398251175,2.993702084685632
-0.938998843141332,-2.513679352020565,-2.259551319166689
-5.426081227486518,-2.371573475405496,-1.830572146270054
2.130640233607215,0.645998491197723,0.02996175089274
0.775919048363263,0.133804606554446,-0.132539743595109
2.138341530416479,3.540936456002393,3.09098502825831
1.463363467270548,0.325504826363922,-0.102187397013059
0.620438477306506,0.127520889458168,-0.233469989810668
3.670944794459923,0.897105394275848,0.005955553112669
7.303748981477418,1.921033568439171,0.095300615567947
1.503387063592193,0.399975230581884,0.039699352895059
6.528016715376158,-1.075210821811367,-2.057597772605624
2.147815250925771,0.201010485323251,-0.361021109519624
2.162526603049353,0.629823855243271,-0.000847341797061
7.691301625163472,2.94920372978836,1.343665810689976
1.930254406800716,0.617416761486558,0.071975140435567
3.599876070174687,0.863491183651136,0.031289047265495
1.571661014840422,0.971968700620787,0.593222749633567
1.22475552181993,1.475508843866808,1.221247747052231
3.618993295126111,0.913682884303184,0.065371083172652
1.063438829359576,1.226537819689101,0.988868690905169
1.003268838055291,0.118672553850346,-0.260359950964266
6.037295436034849,3.559353608848189,1.730117878220066
2.126017897310613,0.602890394306204,-0.087106379213302
6.395095805055763,2.56865832902999,1.213515305243074
2.135417601388774,0.585444881878163,-0.080697118928373
1.38881028299314,0.255654580263308,-0.133222446923212
2.163855712877877,0.638567171993751,0.015235099116247
-0.493091148356886,-2.252743261358905,-2.151352102915474
3.840593030345008,1.865725241550505,1.315687773537347
7.087993955372976,2.067416803863031,0.665867165861453
1.885362455169481,0.702640877567723,0.206755288859311
2.795582813838451,-2.164583869064282,-3.143107987474702
6.301532301547949,0.467639460081522,-0.702000310409973
0.475567035530597,0.195296768768155,-0.076178958378869
6.802639610412634,-0.150767934279331,-1.400636673694883
3.631572369812588,0.89930305368851,0.020905416304259
1.3349955410524,0.231497376770836,-0.144349591986188
2.116031252473987,0.605270793550984,0.025925227964268
2.087611444080965,0.629451428785295,0.041364500366992
1.665404242459715,0.69484247656511,0.067257896437521
1.668963138851991,0.404209494126624,-0.13747741378676
2.580369671196756,-2.661854818323106,-3.151692103549441
2.065977505885115,0.089181907149101,-0.604009945245984
6.958530246523986,1.597655826577326,0.119362476316864
2.076751159906988,0.613561965092096,0.041802112075826
3.473211424770292,-4.765120763972995,-5.30082274174459
2.092240789243026,0.629599148212795,0.065371464505635
2.508295765560879,-2.167830218107694,-2.483260166485038
0.568590543683837,0.047253467996192,-0.172605211997955
1.762808665065218,0.176194597934156,-0.272844313558128
-0.713899566339179,-2.305371729559454,-2.227294498275735
7.47290831009802,-1.370326307347783,-2.207783256090861
6.565292866319695,2.423061131851646,1.000905038510844
0.88591012070154,0.697573450975907,0.404245542471767
6.043179996864418,-3.306733546010257,-4.319159059505969
2.069674136537607,0.622355569752253,0.070334683136545
5.278612013899907,-4.094817426133939,-5.515250289616602
1.576765094642464,0.001090070333638,-0.570368410382153
0.898223220975245,0.689447189836497,0.293165653066459
1.358566931066205,0.137052854361223,-0.338905585808065
2.090828720700176,0.626575707116309,0.061524910766104
3.630623888846537,0.890129077713702,0.005641214951233
1.053245266423844,-0.037872999778373,-0.520690422432448
2.0289245678146,0.627478681384202,0.095155793873023
-0.299299844015399,-3.515249433647805,-3.570174781482983
1.453858791762213,0.44916377833866,0.102628907123114
1.697453469131852,0.215452151939384,-0.192609905086415
1.751646515387796,0.34033121133335,-0.140192939957315
0.548202130427486,0.131547968039311,-0.098984671204971
0.349266930316962,0.365479110340823,0.11686203270359
6.835559701329186,0.053406045180066,-1.510786696784297
-4.608404270650604,-2.528625757045724,-2.260542993397599
0.426201669026546,0.219090982599935,-0.078994575714819
-2.371579490607879,3.307120371376457,3.65965158292146
7.821051521897289,2.935831482118734,1.79722749506151
1.223314247519,0.070640769452797,-0.422049149382119
6.527903996545088,2.4399102136222,1.207251707107366
6.306960363108525,-1.47887807452222,-2.444188832638583
2.828139649252131,-2.242853431491328,-3.175859728319132
0.684863469060103,0.055569565482132,-0.257095561342745
5.910408216340595,3.09623922616436,2.25946262024284
3.616412163391274,0.919774514825027,0.056297758278828
2.080362423952113,0.089143968869704,-0.539373930247544
2.460571887505211,1.448030740498996,0.803138941907207
-4.91022658392352,-2.558086473577077,-2.103484905973779
3.314821542622958,1.138108066562629,0.244349876293432
6.361389110498914,-0.544605687096066,-1.646987745051946
7.286029649546188,1.82032154486213,0.480155733447855
1.417788913548179,0.265314346455017,-0.144510779306622
1.450500884570617,0.364594750642492,-0.048429250822928
1.458258321748159,0.32671377650284,-0.055920355042599
3.595016939965099,0.879625105674205,0.023161865620397
2.025604212111192,0.629914005021003,0.087751469236998
1.207999760691086,-0.037725786115717,-0.346155140884404
5.08370797241985,-2.002347265375979,-2.82506113220685
6.2701114343823,1.52060212150732,0.301912704340749
-4.215804589877552,2.518674955373148,3.088599293629306
3.504670417672491,0.910430621902902,0.058586016334015
2.126905653733526,0.579238727676897,0.042738454069844
1.645287529646154,0.564691409146128,0.041658917547095
6.832906554497529,2.531554873924696,1.019203820300184
7.412138100332346,3.013929413860385,2.084858807939916
-5.402119884338884,1.342075115772393,2.180889805858488
3.538567867789816,0.952515341020435,0.123174313107039
2.105058548800073,0.263323286614381,-0.431784923100802
3.785055161390336,-4.625466853173442,-5.264686496666148
2.115493395887767,0.65563231661359,0.054361656924506
2.83609491323097,1.468010728752272,0.765901538662784
1.662818875705033,0.411420891153016,-0.111904503243761
8.265288139476066,2.299369309695655,0.748966818667971
1.430272643209491,0.282948346134343,-0.075488337335783
3.465629789443668,1.027879440133928,0.15925429526613
2.004643265775176,0.58351926975271,0.034350182355836
2.005830690270231,0.582649566432535,0.044841534775573
1.959899871101293,3.10413856293174,2.898625376474529
1.994334246017833,1.576368214003943,0.925245990424421
6.237051585370133,2.694673856612767,1.378234976024835
-5.082052576376997,-2.493260621672513,-2.038128201896933
5.675467616665332,-2.027535059271933,-2.913700296632294
1.486438907437467,2.843077943758904,2.503899626083196
2.135986344666458,0.538570681497356,-0.010589455626092
1.993033289159603,-4.770492904439233,-5.18141582574207
6.644003291085997,-0.58372625287046,-1.663546923506465
5.977152656728316,-2.017166704138734,-3.083015017050667
1.589301553367908,0.027041908704666,-0.565488695904663
0.35197625236427,0.233298364866501,-0.081666405776408
0.584412744179651,0.207564110403449,-0.126481263293494
4.469142859180957,-2.350983230426926,-3.191074972140615
-4.697902691430977,-2.575028800901904,-2.213065772340769
2.164060641478102,0.638090472384254,-0.004842385415492
-1.359990672722269,-3.798481830607175,-3.644729218674028
-4.636222843870243,2.14049184590274,2.808512404532833
1.582022255927864,0.248265283072485,-0.187795391756099
1.007806003078676,0.953714103218346,0.855343299565451
1.497552880240508,0.444437180319716,0.059762394685918
0.377803111344315,0.249680238291827,-0.073734681187429
2.40915392908407,-4.704988097545836,-5.21299702505887
6.943191064390786,3.305842224799399,2.224310690173952
1.6337988391817,0.713478741478803,0.21961101693457
3.514205934901945,0.915502855159805,0.080418820151759
1.729787827666386,0.243582378939029,-0.323163823774219
-0.295489376621043,3.183226655739989,3.099748004975669
1.40020895476628,-4.262254794070676,-4.863338992872942
1.21956821124454,0.059358362427565,-0.403536282401587
1.472501156774731,0.328241080742595,-0.101001924043178
-3.339195862359928,-2.855912394763258,-2.443377077147955
6.930931215905978,1.464715794564756,0.119448970079238
6.347926502290828,-1.790988256150218,-4.647969047757913
1.997384326366266,0.615906943725231,0.088988996147469
-4.464335932566996,-2.528161667132765,-2.258757357707395
7.274251543961769,1.806754004508802,0.577615673707585
-4.757645170380698,2.141264562100771,2.776164784380888
2.058204429143506,0.613301179348769,0.051579896637219
-1.04405008408721,2.904362224573073,3.088510787135735
4.264588125203408,2.850071099816737,2.931999544682432
3.673949005416654,2.976317193836822,2.507715173516166
1.310529442417272,1.048058142578679,0.468594432974494
0.558249253389581,0.247773479208465,-0.093556319686028
1.666238811660014,0.561546551545056,-0.05667152647461
6.981636873024052,0.205906549226511,-0.875898786186672
-2.6846564001047,-3.444818350754307,-2.911692088081509
4.086841543622155,2.84252817094873,1.888478860211147
1.152976963793726,-0.060309850517747,-0.370097375644423
1.675095862535682,0.394014957986341,-0.170975494815801
1.676613708148428,0.115897804183138,-0.454383974648977
0.726804338425711,0.041678260417045,-0.390299018575289
-5.829090468023468,0.557154562401269,1.534320056812918
1.862141644853487,0.725645210957338,0.223468986136313
3.57944102351594,0.840923856617804,-0.021401447667983
5.32386374609724,-1.957845249755392,-2.27894824725678
1.437010107379298,0.302880147005167,-0.058323863974024
1.49891967155194,0.443275923769937,0.007685927203486
1.63746494553948,-4.424344682184869,-4.909653141667433
1.706776083176091,0.502418997163287,0.003160347052278
5.501594757652739,-4.106858615127742,-6.276142192422609
3.209041469235326,1.205305338465222,0.324082318613726
3.493239933681469,-0.655139298319575,-2.796303757621711
-4.965762836860053,1.901694041971495,2.935400843221144
1.439117075148196,0.307778586385487,-0.063871322632236
0.362242767382012,0.266444245364809,-0.052970184445216
6.206175926494215,-1.46672239184447,-2.602366798208065
3.598211250503494,0.877563452883976,0.005256566265512
6.438620474079859,-1.71930866698798,-5.043744020334078
3.668590106512872,0.92094297170498,0.054596440973336
-4.957178004481744,-2.552571663737099,-2.101226252114823
1.703067990892745,0.438230048496529,-0.088058756859623
7.51487690965795,3.019802008263928,1.740908223068788
2.064231485638127,0.606948278975769,0.049252319584615
7.143524779099589,0.023672994972344,-1.560772112467428
1.794180034113037,0.186503451682505,-0.200760985270992
-3.017167369903021,-2.91979127271157,-2.566894241543722
1.504981752586395,0.373447765750182,-0.000296134946161
0.366815912070195,0.261238659545354,-0.04750585758501
5.434117829967597,4.628177870022839,3.745867956170089
6.613769749527784,2.334708646926581,0.937803508360271
1.191758407929359,-0.063996233086631,-0.420544477655961
2.153515616552999,0.627574721840224,0.015329045187075
2.099686634004593,0.625102257212805,0.009372816676923
0.79870091689145,3.206980126074412,2.931045282010422
2.121126328446653,0.610968367661499,-0.052161653209106
2.154098641902972,0.648025038420968,0.031697387437314
2.82576690520115,-2.734555832683598,-3.159394684312728
0.937105618392893,-0.00657443934468,-0.41379583915596
1.837811893396855,0.713433444200489,0.197810115209938
0.635201558565766,0.733070857154019,1.110326337783835
2.163906988703072,0.638530038256385,0.018831858956263
5.856031517567191,3.096463247071215,1.826617726019927
6.90127005592027,1.917047712716782,0.43488525441812
-2.200498259142775,0.134709434503058,0.30462178759267
2.05591287237651,0.611871054637631,0.05431452000296
2.995067530004651,-2.355692286848948,-3.142313688685533
3.577158000011119,0.852817132132877,-0.005651844513645
0.720542029249416,0.04942573273669,-0.225499861681184
2.081521255776,0.226281453670757,-0.419964667639506
3.657977589736274,0.93840433172665,0.09975265662962
1.701782968239783,0.5014116476671,0.023624615226947
0.983016177211373,0.116756396930352,-0.21109593733514
3.492674212527201,0.942075395005005,0.069517372806765
1.497205168392399,0.397555992750751,-0.007472699348726
1.461157301248701,0.326228021270231,-0.055360922705444
0.424780168761865,0.21929365204369,-0.065662558781228
0.322412962540213,0.299957605544904,0.002729689226532
6.16120172468338,-2.015929587602094,-3.17062820799039
1.338839770235231,2.90272853045351,2.767336804630942
3.578406615256245,0.844571602744313,-0.015661807107658
1.660414154934867,0.623154309637929,0.038576932533332
3.608967201514413,0.909679429467761,0.060391760281138
-0.588826762491568,-2.272236138348701,-2.595403370268788
0.483077976687354,0.182342900329952,-0.120256016794763
0.402441822323752,0.245111955305903,-0.054667041507348
1.959889951115883,0.663914289833271,0.165964702840446
-0.038332247118996,-3.54934291613022,-3.728129714295608
-2.26625798794691,-1.008808465840884,-1.31201181005247
2.674518949745123,1.532055818972155,0.822738333866985
1.605973677802755,0.964235523753408,0.516386803531504
1.831132932477806,0.275528952804056,-0.148306633266226
-0.794953479240284,3.039942159601117,2.631869598835261
1.364834674871012,1.702868646174076,1.610472406776461
-2.444736570155748,3.339554781755695,3.66412099917846
6.868418470535236,1.981454188050844,0.631185230108206
3.368061018183743,1.107340762133769,0.269680979161865
1.148439849674774,-0.055848498343011,-0.347775633155961
1.579362808709616,0.247937147957035,-0.180572983776092
1.78732646252884,0.159765580830796,-0.468963190096118
1.501686035829873,0.398911239784133,0.035553995228893
6.386978073161478,3.58132476442338,2.478021913928
2.899046384022528,1.42050614456673,0.693950058274518
6.792004464429392,0.029175854043288,-2.123453411857311
1.478942536256267,0.354812137812726,-0.057141416405328
1.48590534638398,0.374937945122224,-0.013121441470971
1.372939341620616,0.305066139023872,-0.053436799568816
3.320643544879494,1.13869339618154,0.224324786249586
3.662820564257433,0.946578840380909,0.068361428488265
3.666113950625677,0.736099854455372,-0.096399927384905
2.015154422786823,0.185689520387135,-0.389673219804221
2.129469486551581,0.553483539824389,0.034437388422697
3.381326603685929,1.109620644777201,0.268672410919906
3.669325455966352,0.905396877380243,0.035167643654114
6.820915288830181,2.155220362419731,0.644731609786756
1.489704836333465,0.363659307393951,-0.029452350017556
1.239522044386447,0.017103072013276,-0.38331675510887
6.827576392192073,2.104183938195203,0.688052342632759
6.124720482399493,3.306477435394842,2.784676670830116
-2.202241105389492,-0.290111061781952,-0.228877245653225
7.304016818371962,1.332852203499465,-0.052114598908025
-0.327643929555512,-2.419558461388647,-2.197121861338102
6.672233660128144,1.942121337223636,0.226236107476732
1.544210924388272,1.178555006709826,0.806838518886102
2.335024082376845,-1.080840846432839,-1.358407431083646
1.767881630198548,0.175063188359118,-0.258642780576449
1.47754116936849,0.352044815811052,-0.066537985882384
5.345808859368551,2.653337449018912,1.856738359850849
-2.443474030818094,-1.930913148138404,-1.979235984796471
2.129906949932348,0.525558932873476,0.054810117122214
2.11663129096056,0.612027200690911,-0.038540942874462
4.820332371001868,-2.33689704407287,-2.362677388769062
-2.235467605471633,0.194633320567475,0.425280971717178
5.935800759478934,-3.315210583113533,-4.651813195209917
-1.984908904300247,-4.10086618736664,-3.711067493719198
7.181785436190635,2.087204206890337,0.773674109151047
-1.83293634082304,-3.978582225812057,-4.443424142944975
6.656706748275893,3.612394671814761,2.751896217888742
6.038231220465293,-2.007148636736424,-3.077711487769987
-2.686100869450377,-2.620083163197848,-2.81771063825053
0.954278452307881,0.858948790195549,0.423027772459391
-2.313885926709199,-0.458517454413458,-0.169554554704894
1.283788237457769,0.10390249571849,-0.362596158739491
1.475054851658868,0.352028803930524,-0.091766091941127
1.83657674610704,2.984092227101856,2.663910101336204
1.432921263221837,0.290570233744593,-0.051943768484375
1.374659082443641,0.304535766759732,-0.053615903018489
5.077537805054019,2.748679542593598,2.089339069527618
2.137236979417837,0.642303637545879,0.03473821610784
3.369088346186159,4.33065514281782,3.55167113971253
0.894021585176864,-0.060663448590028,-0.493709099400145
0.442077673615203,0.20273316662837,-0.08935923142213
1.710062683445546,0.243486549003524,-0.412338938389667
4.116994280268195,-4.618573042631778,-5.268951661814167
-3.309574294942724,3.060493072706864,3.403184391852102
4.417991089156533,-4.538889268476836,-5.20347949803
-1.337217044277257,2.887442780530833,3.319798021488984
6.855745940630838,3.464052564102897,2.661075037212267
2.070882208823642,0.621995083346046,0.073680714139232
1.879156842967575,0.022056562695198,-0.646904584316893
-6.123844518718535,-0.456552363903072,0.202570563996494
8.342076255597334,1.889378326569704,0.388335602911748
2.11603641106091,1.497198157390505,0.888358113013856
7.533360141007168,-1.12494645941051,-2.534856468789284
3.489010306247746,0.954819329848538,0.095258792852545
3.400657341627253,1.091986367402082,0.267167640503116
1.323046715139638,0.117409722301882,-0.368794170823686
0.817780114762595,0.101691446604218,-0.193055282017198
0.898736395449726,-0.038505115347572,-0.312766523999778
3.977356402900585,2.592043304742523,1.889860288844903
4.323538138983698,1.909638077235207,1.101411708870158
0.553533866408463,0.244761130336514,-0.080271882593306
1.473256164609189,0.325848534929401,-0.071580916284968
4.166762346766092,2.505682643814551,1.713374514227611
0.774160442751654,0.029468222223544,-0.39417017569406
8.330373786541903,1.155022868289105,-0.354415749835373
2.099549050433227,0.618650853410352,0.002568874821094
2.052793105747985,-0.062948250773265,-0.642084446469857
1.672116155436277,0.560888917889281,-0.052760566762984
1.497378252052997,0.397066595139581,-0.00055124760578
0.572129333598125,-3.648702597755433,-3.705845152779188
1.688625829829761,0.228799277450121,-0.182037825403778
7.032233153038829,0.425328826756169,-0.836215651106925
2.151914549508701,0.572090845225536,-0.084273232417815
2.487841506066196,1.46602438490611,0.748579402749178
6.501314893860745,2.454823243693119,1.235763614803204
0.330852144867576,0.337387243138732,0.050195969710563
1.87326273799229,0.126548476871477,-0.310127669456062
0.35418964496104,0.417206690554986,0.127489952102332
0.357632539454897,0.397389366601049,0.10574151797599
5.740510965616993,3.121765724186143,1.86924356356655
-2.24368389894177,0.198097964664417,0.39623599339892
0.790822231604675,0.134959164296231,-0.145360453678886
4.736243495747542,-4.4392645822339,-5.34955252314556
2.799740578470422,3.772658759811154,3.363122741547416
2.941398868541877,-2.333719644644273,-2.799334586278277
2.596308033725506,3.779679134203729,3.359393291205117
0.573052584670606,0.21997218914623,-0.132682914135443
5.505409358418988,3.304351194625174,2.105989231835748
1.977726504504302,0.66217772606904,0.14099440351336
6.057957771045697,2.952940486294639,1.597899790271265
3.583242711393189,0.877937648735593,0.049214334080246
-1.586088360862496,-3.895743484438939,-3.959179711132315
2.213137422026289,-2.659809309888643,-2.827887379680567
1.32552978626855,0.21364921946763,-0.151625908456654
2.112472988861872,0.648008600136426,0.035738526725876
-1.742686891202479,-3.949987022230791,-4.07663765809758
0.4008821417604,0.243909844826336,-0.046550836377917
1.315658090471123,0.117218918588038,-0.364162018512024
8.283895150547686,0.355569844367646,-0.943966126626403
1.442797364557648,0.095894941549345,-0.409166697692525
1.845656425872432,1.407352513338597,0.934564327605776
1.50187858602448,0.349523230368961,-0.016246775520135
3.581631983859013,0.951505119080835,0.06684835818465
0.640162866277243,0.034059012813084,-0.212497014610117
4.635481807979492,-2.334505383347217,-2.898202633361233
3.518465878654983,0.916492188360354,0.107214558529821
-2.31838416285756,-0.227272559948647,0.105218378532608
1.698783508108877,0.717883160874717,0.305046813584258
1.393264363172379,0.255933901268384,-0.112269242882679
1.639687998885277,2.906284557948787,2.611275264432037
4.131011363881017,2.623795261637483,1.748490540743967
1.244114774937781,1.583625835226729,1.075819783052523
2.011788333762363,0.596618983472813,0.074180118283834
-2.843397977068469,-2.858345370797627,-2.046941775506532
1.642914877341419,0.02842859788776,-0.556194013217784
4.441674641337232,1.420739050958912,0.367475643485829
1.491429099399553,0.339053622756967,-0.040587149145605
2.164330110717523,0.627275837793364,-0.014054701517959
2.157323049390354,0.60092645290697,-0.071822955544048
2.131353170668947,0.642181260277766,0.036697276212399
0.363432076889638,0.266343769665205,-0.05087471245361
1.76302392470793,0.753512646690407,0.268504028776673
2.135305458447001,0.637023169827887,0.05269285141035
2.132317694890102,0.63467313135056,0.046856834403739
0.778014240113245,0.133960360243586,-0.106162832357681
0.544869195316778,0.132520605477033,-0.077656055567781
3.340051270070071,3.384114363386002,2.812683562045625
0.61307028798674,0.028606407287514,-0.305993548960035
1.996634631317353,-0.087481330989843,-0.6888651521218
1.449872936272128,0.396577562900491,-0.008800152354863
1.497480947279828,0.401819919430935,-0.01767816742772
-2.305925721044267,-0.470423487702222,-0.249201528182249
-3.045761302713365,-2.9131949852201,-2.784655342949805
3.617186065802356,0.91816927917517,0.053977263838302
0.791001252488915,0.014067199857707,-0.400215300327044
3.508384533656089,0.904246960311127,0.058019482419382
1.320816941059101,0.9013171679537,0.303342881380006
1.677567199262936,0.394182060781863,-0.184808150437192
6.417389497528626,-1.946350428150529,-3.085847878576717
1.659356009562463,0.622024945902808,0.013044400966007
0.548136981041787,0.240800348916594,-0.084444701408236
2.119388995604907,0.614252343221884,-0.046577313524224
0.82976180811922,0.01332783439499,-0.407380087297199
1.432391532784776,0.283623451533411,-0.056892383221813
2.136965225630819,0.640464698964814,0.039575579076936
6.521239434486199,-1.69658238150193,-4.483543158018999
3.503753489402451,0.909812122246099,0.057276466126174
1.897358672750812,1.555070972473003,0.814058437767141
4.293095962547302,-2.317366236852525,-3.306217286052286
8.108440055506371,2.761998605145418,1.177306242183077
0.661426260057056,0.066759626063927,-0.334835053194305
0.704771138330025,0.042268567616838,-0.364890381810799
0.375020658013921,0.24952436682309,-0.070114412688767
3.108881593461144,1.224718690987353,0.426514587427431
2.304130608145728,1.384127212939414,0.691202565804169
-2.258798072592364,0.19489485255119,0.370503067261467
3.938071647674689,2.842145725400115,2.480125508698933
4.025773903786821,2.624250462355033,1.96061984141956
4.658527728497211,2.871325466847956,2.047044484625172
3.662344731369393,0.801610431153944,-0.031388289958302
2.160674110218699,0.601603032389504,-0.054624195578429
1.497667428316595,0.347117169565136,-0.042082656513882
7.360831346251107,-1.370298610757616,-2.58875522468572
1.438219258805678,0.30325259027446,-0.062567718879381
0.382624690767347,0.242815743508057,-0.075988935081219
3.355838617231226,1.110945170274982,0.302110058327107
0.340149132476921,0.226733813313126,-0.131341154366448
6.962404793668409,1.47511720159984,0.032340961438622
1.647027451230167,0.556583907026915,0.057067776476689
0.72032058765511,-3.654288413795246,-3.75626726205086
1.65748519595208,0.636663198037284,0.161448956711745
0.561063791627039,0.505405629530798,0.331971061526833
3.326021922893946,1.122656345676277,0.291313275617922
6.916248369029029,1.319264089714973,-0.805327229806427
3.956878351813408,-1.668212127923468,-3.130186907418612
6.299557464708239,-1.936429846869879,-3.144221893062583
1.666777593164174,-2.850983238371378,-3.556128475826302
2.463238517549484,-2.688846488808656,-3.063823948819115
1.48095181910087,0.370386479421938,-0.03818754557311
2.059438938362806,0.013118621855766,-0.612553368226616
6.623296925061485,2.090129941016818,0.568486517682989
1.668535592424206,0.675270422764942,0.247319750339578
6.475309164909676,2.835286918847043,1.52883088132776
1.462597840450104,0.329322809383785,-0.059832484098616
1.415200887865067,0.26546695151881,-0.138862463321599
6.706732294364761,2.650268722563466,1.460172939643261
1.829154789819755,1.412129625666925,0.971305476755171
1.452844309248056,0.448755177269428,0.084142920263581
-3.182755849297268,-2.890295562961293,-2.780233413587276
-5.988627452135194,-0.067516358181412,0.77925680586759
0.328141008554675,0.32482452782051,0.047244786756092
-3.572002037724006,-2.448565666966587,-2.121741838341439
1.91805839972284,0.670895199854879,0.10841399425899
0.478977865983909,0.195966007913655,-0.096933778103968
4.175562015582192,2.84283522848702,2.169242597360379
2.100016242336538,0.624307166078631,0.015138361246433
4.577221091625335,-2.349523835477048,-3.010242646552126
3.578895069204987,0.951913358588614,0.075192305699508
1.504536979461841,0.359708218264745,-0.015017573637326
1.500321472684657,0.398756376171408,0.020743692477301
6.553331130681075,2.43666048154718,1.103343959199063
3.671796032505636,0.819137383388151,-0.033194234627435
0.525494853975585,2.335237433256747,2.033184347795446
0.324293039044703,0.321181900558844,0.037541451088249
2.12905878498128,0.57816408334154,0.030105810033514
2.090179838560305,0.089221524667952,-0.516706632469094
0.521148526704232,0.167121137539233,-0.149486263421848
6.951865497196642,1.702340961966192,0.222376429405612
-0.168574227728568,3.152687756985196,2.635101896679186
6.962580331831198,1.454830554892497,0.016604671486521
5.198932370791918,-2.111844439347916,-3.173998204318189
1.480045067325017,0.339928357814536,-0.041541072303748
6.59162081403931,2.243291290571115,0.796586967404966
2.099306931397519,0.622142095057513,0.013478916066696
-3.237251578064948,-2.883758633535077,-2.968702496208258
-6.032779673487862,-0.067823483882862,0.63282695014091
3.383694913379527,1.099395780409076,0.265224414353611
1.190835836085005,0.047564447964661,-0.479023996134199
6.702194246029472,1.690254433914592,0.192591241134174
0.436970691945134,0.207316482335023,-0.111400584420751
-2.046664703411819,-1.870674377975518,-1.729738143699149
8.236116210195625,2.193728926259698,0.816781812240766
1.796011570934142,0.159774995471682,-0.436376587359011
6.961438839546435,1.539188940470534,0.091507154846951
3.581866939150165,3.197018487616059,2.834496448772961
7.917067983819262,2.926896293642979,1.564511740370881
3.411338824082415,1.075582213412717,0.227378280675813
7.728290793652551,-1.049851962390233,-2.809695682116256
-2.193484076146746,-0.289664703399983,-0.076877565588604
7.112116656957274,2.089022834728468,0.682561208345447
0.550024833249406,0.295545235239223,0.131925724426951
3.010164074486263,4.322585618993608,3.668855819924621
7.622595062315551,3.012833143533359,1.547775195708878
-2.742168950677336,-2.624508416437792,-2.733365819136309
3.040621987501054,1.252313392893122,0.434980192969918
2.561022486768027,4.185589479425158,4.189002881133172
0.854149327053766,0.876466039407618,0.572801685000298
1.496912929103159,0.341424451704919,-0.019313083542695
1.882856688134335,0.720088321576397,0.208229251771081
3.439740459452311,4.260964431958547,3.534286791124361
1.718467306509487,0.201475804792217,-0.231244075546826
6.34385956740231,2.672196118117629,1.290845604760788
8.138052467792376,2.709301703540994,0.928898424427691
3.04980989751279,1.247726562058398,0.440154115013693
2.31764218473858,1.390610601459973,0.635855835250074
1.025521671750875,-3.603387178010359,-3.823966170381999
1.505306335010711,0.37157764309207,-0.007485992175065
2.098255168847078,0.6235581207433,0.026374974143713
2.463747501474544,3.761674846060136,3.325181234031287
1.477455292582174,0.335640489987059,-0.04996264508982
7.942016133323204,2.953628369994584,1.680753824760601
1.465033583856045,0.075063177262582,-0.422467400449954
1.02449880297304,1.221684723643878,0.869295520155186
1.450800757328588,0.323762316691353,-0.053478793941022
0.752307780536456,0.029439350107109,-0.395700564968019
1.497590188503393,0.394505570218609,-0.005601461302482
6.970128342391179,2.326894652132385,0.846616886315293
2.128985691942905,0.580061959094393,0.032152670894312
7.883438851936383,2.885305405950614,1.552879068519592
1.457503305551654,0.324037415456965,-0.093376627037952
4.88608096171252,4.47669300934832,3.18858742758792
3.150128367595864,1.217559073124634,0.421251990679176
3.185563297758472,1.204283692755785,0.405965610519628
6.363861985212915,2.220208793787654,1.096873960636841
-2.010678295105023,-2.340133779146043,-1.830718344632398
1.11549936119626,-0.0540480333404,-0.487385747542963
1.877352672173259,0.05214050231042,-0.345435512164463
-6.102044692800659,-0.426556952560089,0.337530922737546
-3.526646149424561,-2.665220576828522,-2.081929332953476
1.487144388382429,0.375343384635527,-0.026538251400489
7.169413275228858,0.926643060594569,-0.42182302488861
6.964031620480284,0.199333583963506,-0.933519936189747
4.681178893874145,2.870622904332826,1.999916116727322
3.014336042566282,1.294366203897694,0.448199471011743
1.911423202027996,0.677339435564991,0.149701180666995
5.818138090515639,3.094867736018652,1.828799568500001
3.813170803527146,1.827313711361443,1.190889969501851
1.946161839358865,0.655795975931512,0.139503826635421
0.655093196635774,0.066617575132079,-0.35339637111267
4.181547587287861,4.141964997582067,3.240631716519631
-0.455779340434424,-2.278231888290398,-2.179141713467299
2.12423112129353,0.656229448426791,0.055671370996195
1.837037626175153,0.289079180555037,-0.063843884042341
0.784266986667297,1.14745219050494,0.915162949667464
1.702868098509746,0.414400384449765,-0.108207156473181
-0.371831469948416,-3.501275226364297,-3.728022869332783
1.424140277391745,0.265350636591564,-0.129195766919259
2.122837842993701,0.664551598080711,0.046759472788204
0.976770658268397,-0.080054157046395,-0.542481271018318
1.498620254378035,0.396589897113505,0.028222642080828
1.286601581411509,0.094981835799715,-0.322168626292869
1.651455150005695,0.208823852197439,-0.222983943179966
3.606245053113692,0.896119984159717,0.047648440115583
1.308032263484774,0.116987537798741,-0.381471393516403
2.383729969529665,-1.486340793589574,-1.445550532570639
-5.315731253861179,-2.457035646914854,-1.874843160245712
0.326265906358346,0.325542687282312,0.041919332562033
0.351455348711709,0.423146074518208,0.126384734471333
8.343671542653697,1.935133526911547,-0.09874011940798
1.44713099700314,0.076407469076486,-0.389406291495116
5.284613079163963,4.476544703719025,4.000029563166261
3.671080397021851,0.889710822360726,0.011192149290264
4.436357091842086,1.426955859509851,0.355563685445028
2.067237166477277,0.619058574744898,0.043985430040819
0.328651762295064,0.330266526601959,0.048753690602273
0.412312031539464,0.235570307470115,-0.079864701646411
1.615400842951075,0.959123762483026,0.47284635019856
1.034042615142587,-0.070367714950943,-0.536849710316925
0.539307902218283,0.218345065502216,-0.105131319443605
7.289607798574274,1.32717142632588,-0.452930648264687
3.595971150977044,0.88216038154787,0.023319893272224
-2.193206974188657,0.122634173878357,0.056886105015777
1.623437317612123,0.719856269593407,0.271112281899546
2.563268537867662,1.490649560390471,0.744820913623757
1.336742638947917,1.68767838144765,1.580680870270675
0.934251904716991,-0.079943068516695,-0.58971655839656
8.172359238181722,0.29856176753519,-1.64483529124966
2.038445333025825,0.634214916950432,0.093778236158415
-4.01721488549658,-2.342581607971179,-1.999598711843962
4.355295531477873,1.909485357054048,0.787735884411495
1.111100639568559,0.007300329728945,-0.466619594003349
2.520519886929255,1.45758498295053,0.748423664972232
1.459031973782091,0.324028394263192,-0.094753992927047
0.884194753124157,-0.038563114385705,-0.38637519593373
6.35448239087987,2.952460139505929,1.728362807527709
0.89145239577627,0.690804331134118,0.339808621644366
3.459766192759956,1.029473966518468,0.168219713097371
2.151594448776676,0.632277553440337,0.022943743417749
2.067682633383131,0.618014548633236,0.045333471965146
-5.118072979015776,-2.487747892743158,-2.025355525360442
1.999515012538102,0.584594487503001,0.040492348073096
8.280059297026385,2.332584132315916,0.791690449346448
5.812032463231585,-1.877235915734549,-2.930571956373066
1.328082023007239,-3.335560236524908,-3.600954462908287
0.829797368519006,0.886168397882591,0.524789825418399
1.65420741321812,0.576737838583224,0.049509249620219
3.522290779718544,0.938016492305165,0.100205004963435
1.707339972674565,0.495475753327664,0.021609453633264
0.427582909779775,0.219373169124492,-0.093317896591439
2.129549767520289,0.653588288561374,0.038268470687876
2.054732771834252,0.226399273032345,-0.481137629385185
1.610001489400164,0.027028229360549,-0.624635102544787
-2.320822242889395,-0.45199138697127,-0.061008358336029
4.523851629613271,-4.552483605195212,-5.313162718520086
-6.003807068635472,-0.068367870879087,0.718016843591495
6.512395843849002,2.439448983207334,1.100966969595409
6.787371322118299,1.885015320793205,0.517657628975332
3.541180921395478,0.964937151330931,0.122120418684962
3.763826587743075,-0.139071063847535,-0.971822951650202
0.922046418486882,-0.006577928831928,-0.419507253210219
6.935969156178063,2.324164652775764,1.058703860739483
3.456027757016767,1.026203054890359,0.178069186219757
1.899424721391756,0.010072008742399,-0.557361137286109
1.383090084839159,0.287879688468559,-0.095657074280475
1.349136054335804,0.269778839872594,-0.126552259654286
6.722623971122101,2.225662099814662,0.975640174769353
6.873634407190465,2.058468987388206,0.652745058143206
1.455405902696345,0.075157785180279,-0.373739858355384
1.390811337223038,0.255623043712127,-0.133103794325762
0.377448283017566,0.613054168179575,0.669981222824855
-1.576470800094645,2.915300965780254,3.007193901231113
1.028340207421874,0.131060405176209,-0.206636363996833
1.733155546643046,0.289370752496017,-0.290485366870755
4.220756259606215,2.846594600408296,2.635593108336159
8.102349693793203,-0.351582026456336,-1.79990888726984
1.663508116026889,0.566623799327334,-0.061148590022689
2.164876480837059,0.649559512618598,0.009506811473939
-1.513440124101841,-3.83609929832795,-3.410610681424852
2.162338779663529,0.632622132517033,-0.00351343071545
0.387034676869108,0.2404984146323,-0.073882389438737
1.957791498017011,0.655389540518798,0.168063746383345
-3.429701693481622,-2.659443364237396,-2.213921260559812
1.694274233209649,0.704178923910473,0.012217730526739
6.480056642577437,-1.949827272219741,-3.073081904447829
0.806933996338924,0.013809920526389,-0.449387193874631
0.875353480409252,-0.058914479971115,-0.462459677318026
2.351415406240359,-1.467146326153936,-1.214893088954891
4.827273210934893,-2.322843813477508,-2.418339548460411
1.468709505874701,0.325274140962777,-0.050404330173136
0.507158563489669,3.163084768780823,2.990258299491249
1.450101060028277,0.449827014885866,0.036974839685695
0.324692346005069,0.324975691739417,0.041646801354309
0.642973892260829,0.035656531834805,-0.174701407639409
1.296189100823767,0.097471025800222,-0.295614221712131
-2.560881975827423,-3.55258646992671,-3.702295720705057
1.989562580104523,0.643664163033052,0.118211975491007
7.248958533172761,0.658428672756776,-0.956827000644972
8.294047674345064,2.36417488607745,0.783519493967363
6.020147089572393,2.964805001779092,1.618770612680834
2.866473591863616,3.765734739266505,3.329907744122479
1.541930539582892,0.000855942053182,-0.547020045729111
-2.280066417966265,0.125845671405318,0.372365239161235
6.913154563328357,1.880178520277517,0.445406478097711
1.699500809653841,0.721097278965868,0.083684468151293
6.737343528469847,1.824594547024498,0.46394817885521
0.448710164571261,0.202964423909771,-0.11458778618267
-2.080097554246131,-1.853205252985467,-1.610305490950809
2.164175630411928,0.650906718031465,0.000213763556497
0.588095798576846,0.19558504684355,-0.114338773684054
-2.319953778961183,-0.22987433837389,0.074458660744973
0.619685248956319,0.033993119334088,-0.347591348066228
7.860534484736961,-0.790879532962856,-2.215230011742519
0.624063971495181,3.143077578457748,2.949625738458552
3.626510975400831,0.900761684727513,0.039656287035565
1.529042055935319,0.294334127512283,-0.10191559925119
1.492254729294827,0.350517477986894,-0.046381618777998
6.883947045001714,2.047955810528183,0.649909631192008
6.679747235073724,1.724121887083419,0.103224638778093
0.32803846348887,0.254158285988655,-0.050646525673485
1.819379800001936,0.697552385391058,0.181331535217112
4.072759032788077,2.829406146438195,1.781732289723196
0.739947508787969,0.067363281470793,-0.233531478814319
-1.799434079410402,-2.734133423965016,-2.72585971386307
3.643069854535148,0.955984330679258,0.100993979809716
2.116859515538295,0.605940707084405,0.013602223351194
1.48469079543711,0.34229604989633,-0.036810351119265
1.496633216452898,0.339057481841593,-0.036645696312922
1.459507560685077,0.326889023360832,-0.052569373315696
1.815792184362989,0.698060776034139,0.166072618987457
2.162313363183397,0.617710937136149,-0.017065485931712
0.78026686512133,0.133860298431944,-0.119309929564515
-2.519139885593545,-1.93571925859187,-2.34179183728352
6.6829466003892,1.639738652383029,0.135245336558689
0.730211660185943,0.049401331377816,-0.238965368155736
6.682928173228035,-0.705323618744306,-2.31659183997858
6.629333942277865,2.660068249295305,1.344913477100484
1.48174506384159,0.505177457912566,0.136967566094754
3.582325158378469,0.889446407536523,0.028067489413396
1.706199754188965,0.716673103431974,0.083191322227638
0.333280167477207,0.337770732053709,0.059166039572307
-0.549910979701608,3.118711453099918,3.267568066693744
1.962772697443793,0.10241328082284,-0.674474221923249
2.160705626514743,0.648043187780576,0.014851632617159
0.544186742195792,0.167279850553842,-0.049602184178661
6.712461532355077,1.698233046602521,0.299101802081203
2.307099202353744,-4.714576268643592,-5.195125898984693
6.244680376163518,3.15244058631845,1.843138926781949
3.549105202072474,0.974771436075182,0.140174738798738
2.168867194591548,-0.099188311325619,-0.487234524601294
-2.195955691436513,-0.2902172363149,-0.168587172252152
0.338710533851739,0.347429455028665,0.066203381819344
0.36611704117114,0.264400930615649,-0.035276695697323
2.147806101465178,0.567341566917417,-0.118795061502762
-4.578113615016026,2.141361028979242,2.875035677833416
-5.684841875776174,0.953848924608346,1.585197415542763
2.0998603832484,1.498793794579112,0.856763129475991
2.445786923069849,1.448329005445507,0.801007407704564
1.488936320615909,0.344370862443612,-0.04350596645858
7.174566478507281,0.631074403961447,-1.436448590347473
0.950973898943387,-0.006491450947326,-0.399438206649268
1.944689307190357,0.642498958498201,0.129935558951963
1.640602233255892,0.715613616726926,0.084644742895484
1.19248576710529,-0.038566431623621,-0.396945200623054
-4.475322660285759,2.364288425047974,2.931308153070415
1.253831735217764,-3.360758046419916,-3.710285958282133
1.482008981020944,0.369179741939443,-0.037432057576442
-0.745685300500661,-3.534776615444879,-4.208809692558001
2.616387602783328,-4.806807234899012,-5.282988438392425
1.988272518886396,0.666224438142039,0.13281029516142
5.708139419597851,3.257746306022468,1.896154862714043
0.982840305654386,-0.078425608893855,-0.549945904645383
7.073457920270707,3.274098367393561,2.08376361130428
0.284656190917387,-3.219142361717616,-3.228916549480681
2.08339314009524,1.514925616809566,0.833602103013879
-1.750528775958822,-2.742210087468116,-2.770776641670784
3.064689193370334,3.587419988828215,3.160387593826143
1.504944359373194,0.393786033462056,0.025349778587856
0.632880381091667,0.10252034403829,-0.251166600892424
2.043605860210693,0.624923244917829,0.076729727099677
3.432630369750208,-2.867022951607723,-3.422303989207676
-1.160091169939236,2.929172670546183,2.938335274509114
1.772855983103947,0.175125560474348,-0.256148375149779
6.25118926652955,-3.206010063169515,-4.897793633416728
2.1626530216533,0.638738046029235,0.017624396451245
5.352319708025425,-1.932955174441116,-2.07913462458944
5.929152852310073,-1.718120798057756,-2.894098065824447
2.049191900660013,1.514621907527159,0.879956974242132
2.10914250989814,0.649516431479191,0.05194492472729
7.50164440101913,-1.226463530232186,-2.110520305310212
1.482093729914078,0.372432888966792,-0.038242583842268
1.865383368492674,0.142079097896402,-0.279672444271567
-2.266382015931646,0.12868047910757,0.370730510624231
2.237627601734573,1.365858323861267,0.792170411890968
3.516259914142475,0.913419800555233,0.095974830620717
1.872030770049943,0.727814557248138,0.20306010595396
0.948270612808484,0.717493284271052,0.357136100927009
1.967936771402519,0.672651190060269,0.161594660670281
6.12037816726728,2.837579266608617,1.551618015469735
7.100792988546173,2.059442473373324,0.645790836002287
0.717288105883521,1.161162225778601,1.172814900520431
-1.915698636695071,3.129359407389793,3.240395508520018
2.955480732975571,1.356347626562629,0.342117646205903
1.054903215558221,0.079769134316138,-0.21294400334059
4.561270404864104,1.749476127056385,1.468989162391993
3.610143070734034,0.914623495224288,0.071182007777445
1.586529987302989,2.87889463078427,2.502467367348657
-1.203322798763136,-3.645509491707144,-3.899042248547231
3.663644338104995,0.418654227355699,-0.558312218875605
2.120772445970796,0.663912452473792,0.045653445472784
2.117528179301114,0.336652341138808,-0.318970108942231
2.162290951932107,0.618099258268079,-0.025488227368082
1.91992286588919,0.632449692530052,0.101772105284967
0.411577288548765,0.241499957352523,-0.06690560934672
0.400986076432136,0.245292073842645,-0.047833781404417
2.137523258242187,0.650620982873107,0.035486856245288
3.630956893796212,0.891187376036949,0.034673403554009
6.09915546831709,-1.743955955529726,-2.735469071948156
0.072694395297218,-3.526966128481117,-3.168277518280505
0.542141018930784,0.204140087732723,-0.002443786705846
3.25457808104233,-4.786409954772711,-5.390025369346051
1.497095094438787,0.332347215285741,-0.034331905765094
0.978382861377808,0.939981048458261,0.626709497329966
7.247351423648472,2.125569941313803,0.672360784473018
1.449667068776974,0.397429101877996,-0.001950171724391
0.59004903515281,2.357369794869056,2.27548052398787
0.713488336004852,0.041400139459644,-0.372076466676534
1.493306341906949,0.446377243515106,0.076140776593204
2.389022704667819,1.423621946945806,0.678121424661404
1.801897002402698,0.713892707230376,0.191956005310789
-2.274372576781152,-4.127130873116095,-3.372277694122981
7.267149092528252,0.726577621841172,-0.782036278609745
5.192037255823737,4.546898466295559,3.781481259644915
1.710695341103396,0.893017328609097,0.258936937846731
6.291903797549891,0.456967297281103,-0.519466959669589
1.55865235601717,0.258930485877918,-0.115673374716482
1.646636825997351,2.510717139135702,2.08790570434359
1.298392277366332,1.044708230942126,0.513579085124391
1.483765681147516,0.342009547814228,-0.044242212275351
-3.581554833377738,2.863967731953853,3.366500377071259
2.118574965803406,0.608218750452567,0.04697443951939
1.441644565659184,0.307658596447623,-0.070943360358024
0.378506903563062,0.246203534225554,-0.076809668226908
-4.871785989858003,-2.555217204951681,-2.132220874687679
6.132025608580609,3.562784091472638,1.790998160887864
1.50514541622781,0.296117552866516,-0.099443530066871
1.03636233561923,0.131093658499618,-0.19397322482857
0.75877729598791,0.029462598911015,-0.397638045891107
-5.115711423859837,1.890137435927021,2.535690372992064
2.036759524129836,0.63343279946917,0.092536595668697
1.686134202165219,0.75717654401761,0.184308588359711
1.532132805999719,2.032566966830955,2.254074315664061
-4.179917573121638,-2.3284838806806,-2.005928302880841
2.161090533688333,0.651417216145103,0.011366444735252
3.573856698267162,0.983049780901159,0.088093686667087
3.311287956850708,1.137034576074183,0.301837231726427
1.129216905739793,0.007716640933551,-0.453828629052239
0.638203102758845,0.101611544094643,-0.2705062716175
5.753230178528115,4.144166633284762,3.6318953027112
0.485432657619685,0.181338436734611,-0.127714246822485
3.641135063128961,0.955784674214728,0.089843631066009
1.497354251861317,0.392051296860836,0.002818528189151
1.081748015591157,1.224728808557521,1.050421041474777
6.806796233262369,2.16318653009405,0.649047023265823
1.362662605505874,0.301732729072699,-0.048029826583005
1.872065542904322,0.03383629460861,-0.624090699813601
-1.883561983063161,3.064273337302579,3.09148923648079
1.438223246295819,0.115075432139265,-0.389011705260972
2.265809505427061,3.555314121911467,3.218931557394566
1.855423295122718,0.720182356427326,0.217743955125313
-4.305238716573242,-2.425162906909499,-1.779671963936317
1.61760342074586,0.208533978048568,-0.20978609616345
4.78634557915643,2.819624693531734,1.99673363873601
1.803111871471889,0.18774061120166,-0.237194192049817
2.136025923772912,0.570097199974952,-0.083580277573817
3.672988329909689,0.864469529498974,0.00480703125632
1.485147355493203,0.373548757841541,-0.030756096408099
-1.693561215520843,3.046028031221628,2.998913823026673
4.62979937016958,-4.640661808774854,-5.320138029555797
3.475739317523358,0.985504410318107,0.152466208844109
2.002447404136283,0.584320005258312,0.0399145840487
1.489425010686082,0.496100586776427,0.117724571078245
1.900868107535202,0.709223576892914,0.19835487621086
1.520484659707567,0.289016413109396,-0.089636556638864
1.409114099229054,0.932126392314595,0.62294400351739
1.518296317127423,0.285080285139079,-0.098581988111401
2.124188638783154,0.597769691246487,0.064890829341836
1.736438634007002,0.177386064346043,-0.267307220985538
-5.039695119148369,-2.492446772660612,-2.071472341967765
1.551009037037625,0.277278521879202,-0.107735213093324
0.801294933469296,2.601734027864285,2.348855129370139
2.710540654674547,4.303193743494079,3.75053394684234
0.559842771262913,0.344051856662363,0.15562694317303
3.598810381726792,0.864936990485809,0.027211325854467
7.305352477893858,3.081910102773079,2.170431854896951
-1.680017779209139,-2.748748968151809,-2.590652336110605
5.262139051113619,-2.115402612364053,-3.492240127516826
0.340668788675836,0.354537909273145,0.066675017638609
6.175971311533869,2.845257018430042,1.471916173584781
1.673043626042251,0.629955497154592,0.025903153596426
0.545603801190827,0.295462491301331,0.085019744032926
1.371461015282246,0.314443719615371,-0.054768907504759
3.154227390689206,4.305207057601044,3.595063733783771
2.012789025742587,1.575807702840202,0.918568180738077
2.054823477488465,0.610036138797664,0.055624867743351
0.604430299176964,0.152513666984538,-0.2356764070286
3.669464097254148,0.425375824772581,-0.28476744880124
2.097514688026751,0.625537594713324,0.033243312425028
5.803212192531415,2.936781196784795,1.933432069310742
4.311972904331451,-4.537799774382136,-5.205742038205699
1.658240741766647,0.621068225931671,0.001108016642048
7.167433186421669,1.59319996180523,0.345607471407352
0.262447532444243,3.154234176613336,3.056670487308581
0.848255863400643,2.597238399971029,2.213064173745468
1.65619645568408,0.47962250505203,-0.07193131024363
-0.371361086975037,-2.442364938891627,-2.164887238582133
6.821952029132889,-0.503129412592816,-2.529589950234779
1.706881924817182,0.458229509174434,-0.024250038176703
1.659932126298978,0.571133846000814,-0.039578262804481
0.440569903725835,0.207627559554243,-0.099438751316814
1.676009288089844,0.751482890246246,0.161365850632003
3.331692737629958,-1.780039443431368,-2.943394506185547
-0.984659555591818,2.904474640306877,3.045180085652239
8.322459390768167,1.150994285510722,-0.495854412415986
6.756974260879899,2.206599660624062,0.842743162345714
6.82934261065221,-0.135303150129251,-1.322114138037584
1.520568083792074,0.027566051250156,-0.508614222127723
2.156313142788155,0.587951461417779,-0.075499026268059
-6.136978032843972,-0.607280221691235,0.123173988351891
0.55437904560221,0.247532490792189,-0.089139984791451
-6.140364701676158,-0.91028870640613,0.053173413170469
2.150829012371922,0.637335435165721,0.035526858539154
-1.125798062995463,-3.623401853519126,-4.31164357677544
7.017388822103909,2.134803580949843,0.753182620304592
-3.903062172582627,2.664837527905434,3.122602734513929
1.471466112420412,0.325589067575367,-0.066355497377329
6.447867595294843,2.46790510254659,1.189543524792198
6.296299741405603,1.511258858295768,0.823115669967221
5.170646396115052,-4.479182975145937,-5.489106206853872
1.711541593129104,0.780564307607064,0.325325563985961
0.593722904401813,0.173997918796203,-0.15570464062825
-2.273144520548612,0.126050249733068,0.38997368775599
1.397792463486447,0.256592801186052,-0.100657917030453
-1.102630297391351,2.922128064993291,3.000292263647185
3.462690541299632,1.024113525840098,0.159527871584791
1.363598210634524,0.316930528206906,-0.045705850684426
6.264548480559498,2.683901681396447,1.369708548262584
1.644150486395469,0.569063318974935,0.041508075526199
-6.123001703446251,-1.388814502821531,-0.418419681361701
6.279848133382664,1.53702871374532,0.579913706743202
1.211489986164225,-4.224509148162769,-5.21307331780987
-0.079823292084303,-2.847901396373452,-2.926062912840542
1.535803494889454,2.8491904910553,2.432101655834992
-5.358541875257934,1.659156921925299,2.308716481799187
1.543841330118544,0.291373122980583,-0.10496175569442
