0.720155671964299,0.459909514919908,0.35186008677252
0.489302447202566,0.556934306093178,0.430851435461437
0.680188781614015,0.175129108214607,0.001695691690887
-0.621611656151229,-0.009853973363953,-0.044197439991758
1.035003313006762,0.370063910853869,0.110145785437747
0.260677656806183,0.322804352032278,0.164639650446393
0.253187597771475,0.342971483153816,0.174455823500355
4.832356594378129,-3.234103455034501,-4.185375389557311
0.01346941691833,-0.332386677843145,-0.359573159629359
-2.467880323211746,-0.836087962429347,-0.539100648527263
-2.721776828884758,-0.856281481539118,-0.529204868529678
0.433089298169926,-0.103480617197564,-0.182748647516997
-0.604020155328304,0.02553494604079,0.005275458676173
-1.365648260180975,0.408451701825486,0.729960558807772
-0.379940638442401,-0.245048224286648,-0.267195023288027
1.170980574820791,0.399281236491615,0.11252038379879
-0.141844978087764,-0.518992655637168,-0.608142356615119
6.332479420479689,1.222033469612542,0.431320698258151
-0.638507199099328,0.052801470874478,0.006590871162689
0.679298720848124,0.202198019349423,0.029885768127772
1.559665732133332,0.417187801471091,-0.089491793745039
-2.066446218862077,-4.298676592924743,-3.376946511352398
-0.610229780512354,0.247111902939048,0.549435788762014
-0.600443838931974,0.012471734065826,0.008070435024765
-1.064055789406599,-1.078248391345309,-0.979835664934203
-0.021676679226914,-0.324055790248948,-0.404068940084127
0.680305377227859,0.180594384536738,0.003719397892837
-1.059361164214332,2.778343483165943,2.960493183510061
1.406759590310914,0.222796569412964,-0.004332777875963
-3.297704458670231,2.173363335517101,2.811933343994824
0.688406785111723,0.215175286403541,0.063887960070518
-0.493079424326808,0.005308709025151,0.014541531180504
-0.109146867593918,0.792356244426717,0.649363409619729
-0.582268074654629,-0.059176895993638,-0.04973375732009
-2.614711011861288,-4.224968481130289,-3.769154726350833
0.672902354985126,0.504533519976492,0.38042401903229
-0.409823232176911,-0.176351404921118,-0.151532333068282
-0.332238959882554,-0.250292219978685,-0.222799072558754
-1.580995970535518,-0.854868469438688,-0.756020593527537
-1.442856867499851,-0.912349438513554,-0.651813716386834
2.920380462681872,-3.771349089912403,-4.203303923354206
5.737662462301324,3.59876727199843,2.535070120372678
-0.684720750066339,-0.221620219459163,-0.195459496289048
-3.513445862368575,2.07606810082837,2.834191601589969
-0.557276519901888,-0.048067244795444,-0.024376224967821
-5.707505423749692,0.927797155844574,2.000202345320584
7.276458473249747,1.105888743235325,-0.307781823067571
-3.789029999426988,-3.761835036564736,-3.092639807163092
0.505952126430591,0.298108683723487,0.116325073184078
-3.017621459424362,2.199792267061881,2.717775413204601
1.08297431562205,0.391681357581493,0.142935093593694
-2.083394109947038,2.187476323333312,2.458123986172936
-1.743894719273977,-4.248035609238935,-4.489952019690508
-4.68494265917246,1.645742226146638,2.497693598449663
-0.511393524269881,0.032059733559114,0.067008001948048
-1.485594518547619,0.46848225785044,0.731060875847038
0.695321290951786,0.189911521883875,0.042947666107186
-0.633005895245243,0.00328900524706,-0.030098949017027
0.211088217444061,1.749497480746379,1.833884014551364
0.218384622538672,0.336985114004767,0.187345831712931
0.180034979774387,0.055310556730021,0.024507187458854
-0.837313192406005,2.729111890754818,2.849887328069447
1.391892465389602,0.173842000736924,-0.045532544064167
1.371826905200376,-4.184543161268555,-4.228844624154211
0.172924481574574,0.047739799512217,0.014923992476484
1.262583766796664,0.390958680028515,0.102541229494819
-3.810932671024469,1.643429816525693,2.144226997868492
-3.959804692172717,1.973335824374713,2.776966120050739
0.826758273227895,0.152014671408835,-0.191230755051819
0.257859372516612,0.32371090371974,0.172841354247272
-1.176962182402901,-1.114839193429561,-0.947782397471583
-2.765739984377808,-0.85886346261259,-0.552301236005093
5.899474362737433,3.701714709258097,2.805513960516949
-0.636044902525262,0.102545738957064,0.008281847596113
-1.925444972796509,2.357305117458254,2.536477121340847
-0.567511500883573,-0.062038772694895,-0.051257179022081
1.257820948887047,0.413854376136644,0.09561152691164
1.100173322361657,-0.886044346372981,-1.319010011503949
0.88552926937767,0.866032485403812,0.815052430479559
6.243723347588347,-0.684986871713251,-1.737860599963032
-3.235603848701035,1.60877282140913,2.084311517272466
-0.481252283576863,-0.123512171345696,-0.105303847023263
-2.859186836791475,-0.366211773086501,0.0641448226961
2.278331316559923,4.336730651999201,3.570795469782666
-0.553050664486804,-0.043140198681707,-0.023953550139086
-0.59376473749343,-0.036430260888851,-0.071790169221484
-4.661398350893755,-1.578393683418405,-0.623398819030212
-0.784393647450024,0.560695269033598,0.731855552444135
0.41142788350431,-0.601771942910365,-0.813963368025219
-0.237493954789057,-0.280389921281929,-0.355537252023167
5.200601194546158,3.381819771601313,2.445537769027404
-3.640869824223324,-2.853876102535486,-2.173055903757443
-0.5054246875445,-0.121369621018915,-0.092954539733788
-0.557909578262796,-0.047807810033863,-0.022183034842872
1.388985054102556,0.35556096654239,0.14918490558493
4.737024733162001,3.369729906033295,2.633833556071064
0.201966404477607,0.044468202972488,0.000894844167641
-4.733833077830959,-0.529736563632978,0.404092262257593
-0.489767920288607,-0.013814560720048,0.011358826039629
4.306095039706777,3.384008803259182,2.893543104103022
-4.046749822043044,-3.629044363025214,-2.95328566334344
-0.321923294255435,-0.253407271967145,-0.282974023699218
-1.045233225103696,0.403977044605875,0.651351850949586
-5.267650914181493,1.372148363687963,2.337213885576528
-4.64786271392409,-1.568788686631577,-0.674711015281743
0.002819041834816,0.153849914574728,-0.012061298528636
0.513905018710939,0.295962087431495,0.090504301576777
-0.494730372552642,0.01872547098648,0.028042476665249
0.673820833352429,0.170850867113586,-0.031086256296607
0.908059959461497,0.379960905467115,0.165678669277352
-0.360791640745287,-0.170648796909924,-0.190029586028662
-0.554082206303387,-0.034964372472634,-0.025483907744316
0.530980115825854,0.546142839456791,0.414475234689098
-4.207531865153057,1.496043193522965,2.181997730824448
-0.447321365003387,-0.1948818051374,-0.164296615809625
-0.581348843336412,-0.059162622573031,-0.061511194699218
1.047673871706084,0.338970804445467,0.083828847289081
1.213951749852833,-2.578465681228647,-2.928741674083546
1.337031261145021,0.073677165555704,-0.209105731114997
-0.633335465445562,0.014463139525335,0.010222202454168
-0.345421420142408,-0.209987643338347,-0.221574490110958
0.210950625315718,0.348923162757823,0.16167414377382
7.212375521327624,0.697309009718083,-0.578715378252137
-0.443644353476489,0.540710887145411,0.808677979326341
-3.930965333315743,-2.77910421956474,-2.159834737844379
0.534670682785834,0.320308836260224,0.147977403029336
-0.708072056202706,-0.086701825411584,-0.058568904535655
-4.379516163584366,-3.551241825661193,-2.775050339336083
0.382627016522512,0.38259530675215,0.242957433596244
6.17492971720619,1.42523555915014,0.528893967072038
-0.074331452334289,2.834027757969332,2.663397578379295
-0.538809235917044,-0.128908288569966,-0.069383752144662
-0.887808424972322,0.47751542223004,0.676960635607157
1.040902347844017,0.361013743574926,0.078035435563382
0.678813305110783,0.173482800880244,-0.006488062395565
0.263220826306325,0.030267963547668,-0.127453204358355
-2.055344362803786,-0.128076372862337,0.048299108267185
5.516750901743817,2.509333491508889,1.387740401713895
-1.729437232634143,0.572658982131123,0.904994599113602
-0.184723342060856,-0.232472702083066,-0.257412015866894
0.193593413929578,0.01656315167746,-0.074638822016449
-0.579100330701881,-0.058188115523014,-0.064946828387607
0.195846005088768,0.016553981520049,-0.075708774239688
0.605673042184952,0.27175510213283,0.060905181009031
0.178422149893093,0.061431095684612,-0.013905702368859
-1.9195067777713,-0.399339518168239,-0.204313553864834
0.500212871810188,-0.478907516882872,-0.486006122823342
0.697081956380845,0.189715043048894,0.033560923061012
0.210114510732734,-0.052812709444419,-0.194321660518893
0.697195584049034,0.159916803266324,-0.010526905438081
-3.544689233909124,-3.907166370254441,-3.309368312247027
0.112210890700972,-0.184642405505762,-0.375224787755032
-0.539776468984114,-0.127503704550763,-0.066688191302751
-0.67853727776632,0.669222365269704,0.948081066065939
0.275774087327629,-0.007076970597162,-0.083574735824998
-0.632289543766999,0.020368420980694,0.011201660700878
0.184015731713555,0.09862875748909,0.04065505785727
-1.906228759761766,-1.151369409250653,-0.767812766268464
-2.052318602069502,-0.138016341265477,0.032463218745463
-0.509528788103373,-0.121442170087826,-0.089798034614252
-0.344082285819559,0.579182104171021,0.75681962527478
0.676071965101129,0.169014679051953,-0.009420813574357
1.150918671291486,0.394580454615994,0.110253187277762
-5.467889997802474,-2.814505617980001,-1.772633451788455
1.163296476433753,0.394788686583929,0.101371826335089
-1.336457611722637,-3.883992535443773,-4.644742967809233
0.67330848688627,0.178614742169885,-0.033956040559069
-0.537403640099876,-0.106584526082098,-0.091008015616194
-2.567269099896889,-0.830549102864101,-0.605684364309325
-0.037010806127977,-4.371595220100907,-4.377569436256016
-0.162902831137342,-0.500995361097954,-0.6058666345593
-0.503814227022196,-0.11988761536904,-0.082748444937761
5.538627006237739,2.453954490905704,1.502557566849711
-0.30461332321091,1.249174190738066,1.153503626403654
1.049088435277207,0.339195202116623,0.084611848501295
-1.543247554275513,2.629890780160858,2.793377038156985
-0.425964895962365,1.255750055087856,0.925298473876759
-3.504007591729532,-3.01226672048739,-2.651477354814344
0.95085085296452,-1.214356392520039,-1.862611011044435
-0.632996658278487,0.019744349612504,-0.020968723235888
-0.149888561456836,1.064667940872745,0.864819747732832
-0.215380719545033,-0.487222080140584,-0.511289308093705
1.37227523888723,0.361574356387297,0.135300833287738
-0.523258887024999,-0.129063379865933,-0.125578830537556
-0.522246307304903,-0.121562809415911,-0.086550151872474
0.188237636002674,0.027400847204927,-0.029432947442855
-0.605515755072507,0.013735002543776,0.018633019926935
-0.107247654180683,-0.517027393010092,-0.624294736603057
0.433741046362885,0.350135985976452,0.175867678129968
-0.055221223191698,-0.308123895888287,-0.240697122321239
3.490959410857999,2.106956889239894,1.221193341881668
0.201827722686219,0.033964617721856,-0.015375144255541
-5.894386597750636,0.506372039650677,1.618370379056885
-1.751282513469149,0.574586173429231,0.807972628813124
0.560701791353189,0.321723861300227,0.113507118485539
-0.498231015563103,-0.119449438315658,-0.077602646538044
-0.63137336596394,0.016636457757598,0.004830926045678
0.697069548169119,0.159602650466991,-0.026518961705298
-2.640918769470409,2.140803433450733,2.563081533806892
-0.397455265863231,-0.162311618013721,-0.147759099158295
-0.105942541859604,-0.231195177335595,-0.257514874062608
-3.610542504812356,-3.914371446377217,-3.224109255955223
-6.047887789834942,0.073670066099179,1.018179036029556
-6.201515161161852,-0.941590079025268,0.188038238674963
-0.500130318987688,-0.068446654413065,-0.029854453462324
-2.859209397038908,-0.495340932294558,-0.080962556809418
5.954098276749667,3.732729578824454,2.996183838983822
1.202594934837165,0.421967221191589,0.147944404657811
0.161326729432628,0.043511771813311,0.024554847871822
6.613084745591316,-0.366653180085564,-2.544972897570695
1.397442940470769,0.562866382528149,0.37217027392475
-2.057096034140701,-0.101217496904851,0.092749782233962
0.690947054483554,0.221936692591279,0.066385100467948
1.100897448879909,0.416158412227157,0.163095407059988
-5.428101192340256,-2.828258094227964,-1.842526626636943
0.156158155205775,-0.543523794282195,-0.655340484329106
5.160065916553688,2.656944940485651,2.148966199048921
-0.590747819506996,-0.037927144716763,-0.064088535507147
0.680361287492305,0.170195329198121,-0.011121841113596
-0.517257574592152,0.003776147196006,-0.003466865557065
-0.633068116528602,0.014434859932897,0.005463862311816
-0.389016782540737,-0.162046841766229,-0.15946363450864
0.187769092427035,0.095030783253346,0.086305615240586
0.677861087604237,0.188370877026665,0.009023234384342
1.010715488908384,1.195696215905948,0.983024560063168
0.179411018592454,0.077971300176587,0.015268264661214
0.166406451956532,0.037490268652085,0.030185422882014
-0.720696728242861,-4.273187665601169,-4.157366562510315
-2.496463172697847,2.107971803356462,2.373291213407359
-0.769098112216717,-0.285252674037158,-0.334134886615368
6.387217118437952,4.05203967020462,2.981147064711974
-0.085515119443765,-0.270514972655083,-0.364686824668639
-2.466894525526401,-4.297330976412446,-3.775064202443747
-0.012381145372632,2.82039305452485,2.315285896929739
1.407427311729515,0.222372547953545,-0.005643699179325
-0.274555330914467,-0.309579436237326,-0.276871630213595
0.574634937560295,0.322588885476672,0.152334494784462
-0.283600689645113,-0.288597598804499,-0.402635136736351
-0.61837743896304,-0.02289843671151,-0.059077955347725
-0.205309588930842,-0.235600115368224,-0.344636926139467
-0.756638731292008,-0.283250131884547,-0.334275947521994
-0.186658948491581,0.810899925826353,0.989582669897699
-1.337695293847936,0.402564569290129,0.665947342349716
0.227838293837401,0.333341433904369,0.246842627421701
-1.923442969194175,0.053894599601382,0.350572640345198
-0.499908717438957,-0.066554717140881,-0.016815793085581
0.926193741523642,0.381832546962084,0.174896941405928
0.43886060301961,-0.147413487477222,-0.12215335258008
-0.390019472505002,-0.245949408397469,-0.253182542021393
6.441441305349759,-1.488356843798189,-2.668746018843735
-6.128478757696219,-1.456780604177094,-0.402121088282584
1.059130844354603,3.405994196329538,3.471302032940386
-0.480875756212884,-0.155115955878277,-0.127136940206878
0.150233851508693,0.299200788507345,0.158695182553849
0.680552486138569,0.503687865147128,0.366630750927655
-2.75665452220675,2.120241883279848,2.62458776969522
6.777339243583527,1.204472354551015,-0.007319952695597
-2.6566269717209,-0.749791154648743,-0.531603188124746
-4.16232806727265,1.488280531815105,2.240481823496542
-0.58209863564696,-0.273853783602332,-0.219456642202327
-0.63784772562242,0.005988315303161,-0.013296957169679
3.462122529792789,2.112023560046536,1.364509895834831
-5.312464686211539,1.202376755469633,2.325068528055647
-0.234938897103827,-0.379548672698889,-0.385761335100192
-0.297919413621093,-0.280765405095143,-0.309960126881835
0.984420352136898,0.421481245091597,0.202339513094777
-0.488400409700942,-0.035664794201464,0.016161736745792
-0.604943380055452,0.010296807081623,0.001662667614947
-0.632731486007915,0.019780604816573,-0.016701088481544
-2.333321716916108,2.144689437517326,2.550265077400414
0.621378491881963,-0.386473303281245,-0.67108005054582
0.737996000506797,0.434690739175969,0.287039166313441
-0.491086652867813,-0.107012924621586,-0.067067862514274
-3.276036102326525,-4.087601156296982,-3.937077535184302
6.085740511640493,1.289068890145781,0.33165701216489
-0.83943260058692,-3.376825541262856,-3.159606399104306
6.791446707788946,1.224535701478466,0.266693378920621
-4.771793170709811,-0.666890310855091,0.128681572728168
-5.754881479606714,-2.064502799551783,-1.146257199685524
1.296328687836189,0.050885417405668,-0.24878612269655
1.214616439593698,-0.05488296270254,-0.246558196135425
0.004050848993343,0.167627913895669,0.093019054368099
0.693789279866859,0.164890920171645,0.015626763016848
-0.620270979469675,-0.022450637177308,-0.045795132914792
-2.12258615629817,-1.062429564536084,-0.80199594863699
-0.491729255600892,-0.016356484728838,0.008262387636712
1.331168008798271,0.602067164778978,0.271764724548637
-6.19002890103422,-0.94223025832204,0.259703499378391
5.944221150496874,1.434627612839305,1.017175045667301
-5.624468662728793,0.941819421409897,1.761373813262673
0.828263954648226,0.43838344354614,0.249552537186692
0.647301321898226,-0.213240111855195,-0.374957698149635
0.144405333435825,0.299601378966879,0.14125353153177
-0.211183475559295,-0.235444955494444,-0.367539255900791
-1.592061485928183,-0.856921742650854,-0.839980373045722
-0.571015141749644,-0.059990703787833,-0.046738182699331
-0.635535496098477,0.107535065105023,-0.008809093044901
-4.566391128994532,-1.939084735574335,-1.036145489506543
-0.513021384219957,-0.119488566075155,-0.083229656973701
-2.843025429820672,-0.750506203737588,-0.370590655166152
-4.335082309875524,-3.521910055404534,-2.779905637672318
-0.750559579109992,-0.283973754377327,-0.29098474297734
1.381285691212911,0.134744786933546,-0.098374469530599
-0.016848551143901,-0.44858898230487,-0.50349241654412
-4.769398426618824,-3.414594218778873,-2.38100783035735
-0.512918070688716,0.030687616251917,0.061082466046395
0.22514757160789,0.337085794356646,0.193165130442118
3.238831039516707,4.498753611358512,3.841114912926695
-0.670150922132136,-0.293877917709675,-0.178071309455842
0.043313546664345,0.364177711104666,0.294966395297717
-0.904695080329593,3.281355119132606,3.373794781909435
6.339520201249135,3.847097979679348,2.90593580154674
-0.47189210943276,-0.121972947961226,-0.154480491607076
4.011861014729907,4.230318282405979,3.735069303150686
0.63845197646911,0.324627586175374,0.141119833805823
0.214493186747926,0.351299816216315,0.171606258091144
-0.36802740881395,2.44572660194858,2.48736718392047
-0.528032797382359,-0.107508711549871,-0.101551867373795
0.457294530108619,-0.201941446437784,-0.327993663517727
-0.339413198389398,-0.197526998398321,-0.167409280644367
-3.746238877753731,2.078349744720646,2.764255673039216
0.166148099373614,-0.013462057485878,-0.062730070934011
-5.706303143256209,-2.269414334220917,-1.259416103561014
-1.599072206266201,0.569752686460128,0.915608108528855
-1.71879636404364,-1.045673267680779,-0.811157310625945
-0.691482850095595,-0.146201679309189,-0.150613125772331
0.234626627546952,-0.049947208274681,-0.252037578746777
-4.682922455126453,-1.354435081922844,-0.553234290817263
-1.082653255118738,-1.079449283579804,-0.99737252952737
-0.401344378535936,0.507658744868378,0.840473050237092
0.253097086350144,-0.004661595581332,-0.18714934916879
6.269511077913267,1.421869487005467,0.660563368300268
0.181303126919102,0.066463938962345,0.035698009472612
1.158014541069712,1.307139416166453,1.307732057910956
0.759802118654878,0.414778875752933,0.266955846057734
-1.578798826920699,0.567231427035157,0.86136269629812
-0.467651150433844,-4.301776161331008,-4.255872162220199
-4.375235844890792,1.092501453600723,1.820740162943294
-0.724320069059477,-0.194253034192672,-0.160002805959981
-0.490995614703663,-0.01632829070066,0.007571203245978
0.678395753456896,0.15824908866258,-0.005862152243804
-0.639329442196471,0.006266128530033,-0.013306945746139
-2.137661582525284,-0.928660361524435,-0.670394701866969
0.963179991254655,0.416811216307945,0.226864865445679
-0.319189368956602,-0.204097954584609,-0.201132404696197
0.182633229198276,0.109163255331291,0.047638498131533
0.290480268475892,2.508336543205724,2.682918123123091
6.106360657001529,3.861661354508338,2.742473377021457
1.098988376085742,4.208252894481056,4.544828813576938
0.186135304657083,0.094051999059623,0.064666722688645
1.408328355387835,0.222854604888238,-0.003490928019347
0.010151973795011,0.271455432721957,0.147508414364372
0.938578922969274,-4.357237926442134,-4.897185012022971
-6.137658668598849,-0.769744643420871,0.240544738621158
-0.488337692149151,-0.0474646278581,-0.038088368189396
5.210945845966393,-2.984259767019878,-3.28099512714533
-0.911108275580122,0.473947759057138,0.6396719103383
0.111224585690497,1.122944696138244,1.042541938380528
-0.60496887987407,-0.014470046936437,-0.020982416682524
6.373484610163586,0.530745483964773,-0.283743010554124
1.377040635844954,0.375154144084856,0.141958978209154
-0.164684476891624,-0.206693386012588,-0.21793514650536
0.077857620772871,-0.259967908186232,-0.341038419147105
1.52478211718846,0.742011034211772,0.607115321809555
0.696939844334636,0.156411858435528,-0.029883145864852
0.510455359147448,0.297597966527926,0.097782358837928
-0.501168001576803,0.042376345089791,0.067467698627548
0.109050898814756,0.323810374553332,0.139728329228155
-6.147789506505072,-1.381409709822268,-0.39951032192521
-0.362331620303508,-0.210961151350487,-0.277319085964301
0.053339119166194,1.172614307153556,0.904890187575434
-5.934481547215402,-1.857830273623509,-0.894734830845712
-3.316653062076726,1.612517636424254,1.934141030707142
-2.833649985584773,-0.028077678966342,-0.044694994874633
0.684119748762251,0.211084771152755,0.041955498193912
0.853878196597325,0.652584140544202,0.576307505737907
0.640156044931273,0.522986071364124,0.393313400168457
-1.902376342962708,-0.121832123881589,0.060546289534703
0.668266080934943,0.272478626793806,0.107222374469654
-0.221478405933173,-0.273344590418298,-0.364824210719395
-0.645533942851292,2.740801726351359,3.115011161172927
-1.47636212167382,-0.91333077747026,-0.50877615892599
0.690289467950709,0.134541091909013,-0.092338655898904
-1.864181254553168,-1.126789566298226,-0.89305323629295
1.357995788469886,0.378001892796778,0.117989864490195
5.227403367556297,3.407860164289948,2.620774646218916
0.964645344784983,1.175660864385823,1.091583761299822
2.500960469202139,4.140231726324335,3.742271484152163
0.181755388463669,-0.018005131720597,-0.106827087669569
-0.956051990695465,-0.7815934203048,-0.783189626709209
-1.282727364835353,0.387062082389172,0.540601796995026
1.559728013268063,4.548860498322372,4.53848853961874
0.244849947038728,2.504265537424046,2.712256954773566
-0.63428083928639,0.014935817902918,0.000703425681475
0.893805708104035,0.413831567427956,0.192078533340505
2.474275118827197,4.694330988101179,4.648242727592081
-0.000346996035037,0.226362988081101,0.080969467873558
-0.644359112822209,0.667291833260029,0.918261410090292
-0.623902772476759,-0.009800816940586,-0.047832531308761
2.774219458652161,3.783001789328014,3.395899951016876
-4.221523422268147,1.86093128494093,2.458386724633554
-0.60285404427924,0.025816594388647,0.017203847923024
-1.068386294263438,0.404188600495294,0.618647206154858
-2.373109668219654,-0.810110551861837,-0.532202682855075
-0.77622775232506,-0.364766120610818,-0.349997143829103
-0.509854559051866,-0.119150953201083,-0.191927074584835
1.135448913189016,1.309965275269451,1.367723383775844
0.316534418254258,-0.48569265768732,-0.692213996598272
-0.486946801103728,-0.036089560116674,0.000195876014353
0.000730334052248,0.116561347371246,-0.036506718135455
-3.665135063321685,-2.867369711293384,-1.792923584550545
1.407268627444009,0.205848720091018,-0.040377067102467
1.291266178849569,0.050612467899839,-0.230742966797806
-0.040176299857328,-0.310109446475519,-0.351333735917221
1.369882190022125,0.361914152403038,0.133140234020882
-1.428325596350527,-0.923686646050481,-0.70781718200414
-0.496351103219692,-0.162837799496763,-0.247056293607134
1.957790825964936,4.092077628904994,3.860349102245224
1.354393540473686,0.506078578147325,0.194240645654392
1.370817375274802,0.559283300479846,0.25463547643191
3.172476523377251,-3.603334123827595,-3.92568603160659
4.897204533065623,3.381619570655753,2.924463936346218
0.479481756089206,0.528011893357271,0.444599131829964
7.059389419525307,3.47883020609564,2.373778067218523
-4.034888484424878,-2.75728237379815,-2.094692306835425
5.195710861682545,2.628447188732529,2.153240388093649
-0.631337263994225,0.016510235998047,0.007023179119282
0.271445943736626,0.032774550951323,-0.091046659637372
-0.626275224270904,-0.014775430512965,-0.047948660275032
-0.230045740644244,-0.280056730846989,-0.342111096036366
5.35779003441169,3.478436206384639,2.750690527569016
1.334924236606339,0.403267457638162,0.180885716062481
-0.488835141512847,-0.059085754349248,-0.039386859809104
-0.148967429184153,0.830101735922861,1.068085846698963
0.680662819149376,0.180927049173729,0.014450279425046
-0.522971413988518,-0.009263642748927,-0.056127432313104
-3.952442028104271,-2.756117237467489,-2.204224490985748
-0.271208084430096,-0.311367952441035,-0.310963880204534
1.003583279664772,0.408456787683282,0.188054234543052
1.245940061919751,-0.030404081223211,-0.32593734420144
-0.501032103090427,-0.066813269053656,-0.015888738338199
-0.288208681737471,-4.311213773832239,-4.229359231654237
-0.597637449118543,0.672922063820959,0.626780219044938
-4.764723095166173,-0.936126329642363,-0.156639076404872
1.341997380947713,0.401154188671766,0.164587346321257
-0.46065981487239,-0.041047508771974,-0.04709577835112
-0.510449962880389,0.031804514481365,0.066779344494037
-3.191350742064724,1.910199989002022,2.240852677950401
0.046005159253243,0.378371362328741,0.300845487176509
-0.603334941598047,5.513070303e-06,-0.050816634891942
0.260090504167823,0.429027548051496,0.343071050826385
1.391241088268113,0.172445736328325,-0.032336708154745
-1.542986298662546,-0.851223059616656,-0.614688571211104
-0.632990921293501,0.020322677600177,0.012029872685449
-0.147757927096571,-0.198884165879646,-0.228177012372498
0.580734293541085,2.454283761115994,2.780316703064552
1.099330683368484,0.41110749634949,0.15818762505298
0.202232406378239,0.059167914497937,-0.099868038490436
0.514218007642837,0.556343136539648,0.412689509946748
1.070180951232277,0.381768437433984,0.144794438765945
0.323377142828021,0.487823404945851,0.385293374178483
-2.08994614948684,-1.062210418211135,-0.808293421494002
0.749079357250405,0.43504603365744,0.280753674018088
-5.72612521913234,-2.242018055245365,-1.305400124069386
0.85237443681747,0.423316768679246,0.243207661337061
5.997998218854185,-2.165345513954215,-4.386475110289954
-0.491147845370066,-0.058950302715037,-0.033617398447519
0.185344216401975,0.069325662572074,0.04606690470466
4.529595182120794,3.434180387113778,2.66920467353651
6.815675488624358,1.466370122551516,0.284932402928658
1.027638307650128,0.369660969159642,0.130667523168317
1.043359104181429,0.35232153794809,0.073571482563129
-0.199331582824746,-0.235951577959816,-0.297622016058108
-0.328798689057735,0.577748588406812,0.66933168863323
-0.556595396207972,-0.047911331569157,-0.017478524712522
-0.582882441056189,-0.051124013217288,-0.053907932434165
0.087084171898711,1.161216079815101,0.69440029950651
1.400061081923367,0.186931085984934,-0.059213822155862
-0.548977945493147,-0.069276386444346,-0.036941020453485
0.56892239224561,0.551363180889581,0.418856023669664
-0.808960551708082,-4.277861650878449,-4.189504117446718
6.788828769483078,0.917322625666276,-0.228878416801175
0.194858135069995,0.340769921761937,0.199917490965317
3.83848219415598,2.710389475249603,2.123709339931917
0.040920800316929,1.152596365790641,0.936571214062202
6.80472678916354,1.410562488674447,0.193058078521273
0.140052252757822,0.282866656994395,0.115421023261288
0.405796168505806,-4.442105551771538,-4.413980306885076
0.236661143707723,0.337289578257634,0.172645987382676
3.503951512583711,-3.461416014485109,-4.617845044241193
0.187495495709426,0.097585128842316,0.033744534447868
0.106302494867897,0.325443398911749,0.14066565806377
0.199587201757142,0.022816705118042,-0.049548583925488
1.461114413195326,-4.148598705552811,-4.217598964523216
0.677092655268154,0.188951510621081,0.011871462398838
-0.601331874090026,-0.296307296015427,-0.377559307312078
-2.855139748800062,2.478446526222047,2.731579714887213
5.567965724361104,-2.532011363698357,-4.499333643778687
2.963596997878448,-3.685059157048086,-4.172834879543899
1.300885486389912,0.851565903697046,0.552719655443157
1.267720520396962,-2.557091808197661,-2.695501149195282
0.549360356180685,-0.843952257860117,-0.92719223162155
-0.491573563286715,-0.059006649648558,-0.035613764442479
-0.611035427689177,-0.00885719900677,-0.060679624508266
-1.956636720273812,0.130457054579982,0.442753408461546
-1.857185586560216,0.370071042525092,0.742053339423552
-0.492228721079691,-0.027777020660469,-0.008659529455613
-0.159745430611914,1.074853675095874,1.019897770469666
1.479452227832176,-0.392956267932463,-1.549132252684408
0.062343914635302,0.404556781958637,0.288327074067129
-1.784279872044044,3.5432947006848,3.847806228877348
0.000952258301794,0.227901686150289,0.066694149150825
3.711862144520357,4.428159528965975,3.763214151997111
0.988528093175338,0.407956912328057,0.188835226922682
-4.730520431862701,-1.145055900990576,-0.382255564746048
0.123414976658803,1.427630966374294,1.398297375281755
0.632067774100057,0.29769235733452,0.155566126620127
6.83668120023646,0.729518940577856,-0.865871096962938
0.760490334435999,1.136600057190646,0.903048284466767
-1.242465039536279,0.379761849910967,0.578212065466059
1.482580690540064,0.735757251354941,0.516064184357346
6.355388829199567,1.064618147032816,0.405359449262994
-3.675034152093378,1.583466343458644,2.331172058256304
-2.731023056848124,-0.86018818670223,-0.517805627691495
-0.834830456797798,-0.416466318661631,-0.350523539491609
2.317105331349863,4.218885614325769,3.815466609513007
-0.310373742866822,-0.202658446126454,-0.219680111473023
3.644285060408484,2.310932373874965,1.784462385085025
1.977226148303953,-4.066515856819823,-4.28363717369937
-2.365598834742415,-4.462702058126802,-4.036239771271767
-3.213712830915575,1.762440368966848,2.116968930528922
-0.49128129807257,0.017111297202981,0.013127934105913
-4.668342137145652,0.101638084434574,0.746352344188821
0.404170175486413,0.504399951975635,0.391435405223703
-2.189553077124749,-4.287290315781507,-4.160235789911823
-0.107858523134624,1.99325690053921,2.078307089653985
1.349907898147281,0.389152588243537,0.125425432420796
3.605672595994457,2.31015406445243,1.648135822004564
-1.317671258862714,-1.075163669816789,-1.044971714286573
0.695053146540553,0.206190642764895,0.056620924329692
0.565201992887785,-0.550486697413973,-0.937496140482073
1.305206925063495,0.444228964866783,0.227667182241499
3.791817665015331,-3.428640955595902,-4.145129536558725
1.559095483033342,0.035252301654168,-0.214612684532481
0.165081049600548,-0.022911040054672,-0.143714312138438
-0.521837658007029,0.078047367487753,0.042568612071001
0.285373770662149,-0.010121872317788,-0.134913734985864
-0.575149856456652,-0.053858351055386,-0.055773746328349
1.663572542794035,4.538102503324022,4.508501131235996
0.098311213622672,0.349474487182858,0.1482824564796
-6.170157236835665,-1.295871595031628,-0.325338876079211
7.172593916612794,0.475656950169734,-0.664514457808031
0.678681832082045,0.228951846774705,0.028374342896831
1.410155706802565,0.254753719931963,0.012228198900719
-1.882001846362843,0.055849128300024,0.622175084125689
1.053310452851533,0.347740803343965,0.076083012953066
-0.468063773371437,-0.041412182449077,-0.033172649828275
0.29501556127915,1.776801519833472,2.148532024488684
6.039513931364271,1.14696728427372,0.376367542263579
0.930897532237195,-1.3273149618519,-1.827357232982498
0.522625546615324,0.293053517630698,0.100096553167477
0.487079655283789,0.329448588595479,0.162754123806535
0.123260761017707,0.300594886170787,0.157717192832219
0.186756791653825,0.017556259788617,-0.076431859762496
-2.341426579773394,-0.830957372148612,-0.613104452817797
-0.566212149502191,-0.224307591283264,-0.188403767208579
7.045164834249635,0.278967590017345,-0.779696927513385
0.203239213285493,0.348515480470646,0.196867770501803
-0.638381312833802,0.04136659037825,-0.000605812273754
-2.056626494067427,-0.113062127224695,0.02771458100195
6.807372189554306,0.695830382820608,-0.464550341777228
0.002236481564878,0.116350076447296,-0.015287376785112
1.287974212322596,0.859249641748786,0.633680157371099
6.03795975318503,1.050655812551335,0.27509629101673
-6.133191816190172,-1.405199638970018,-0.396173871048002
6.802097411038296,1.418978978696829,0.240564334265842
-2.18759485013311,-0.922224579838981,-0.560228755516839
-1.103537271162091,-1.078516620742371,-0.887862890505218
0.18368685903366,0.103423248563414,0.045435303203114
-6.20822795395754,-1.209791350641534,-0.077372969332739
-1.568538086365823,-0.854179735883807,-0.627391121371444
-0.632923250270119,0.020319221411394,0.009681751015948
3.936716763620375,4.207362890073119,3.755757715168115
-5.78427870555487,0.572273175849164,1.898005908972544
-0.378204452642883,-0.173319537540692,-0.183076787727486
3.398877111436586,2.342843967301182,1.391020246255703
0.099961556683997,0.330206865924366,0.13418431154243
-0.570909807322468,-0.059935129147862,-0.047373407254412
-0.460767358624717,-0.179216524769656,-0.189629745276445
1.085696997331679,-2.584182229597117,-3.382781408214311
0.680842238423536,0.201312959009941,0.01195033842886
1.430142825447615,0.671267214093906,0.46674645674347
0.153516942549553,-0.101794932682017,-0.216862968266139
-2.038577750877577,-1.143988897017482,-0.965252404326729
0.69504886554308,0.186669332808026,0.034767961737162
-1.652985585311933,-0.950049022127439,-0.809006154273999
0.694762690705367,0.221453129685221,0.063108888910255
-4.774351516377748,-0.803903096486751,-0.056181722611751
-0.638255814316705,0.052766623790632,0.00803245788911
7.226029025041026,2.713933751423825,1.046656924473659
-0.527380594398838,-0.121625597600658,-0.120508793318444
0.616427368750926,0.274172670317758,0.083488098029567
1.138786944832861,0.418786097369345,0.149344978527971
-0.638469905580339,3.221047025051697,3.271881929707879
0.291764199921012,0.338827115909535,0.183701859621614
-0.970215192542331,3.30206025757946,3.401291848363705
-1.916992088628007,0.059417090305491,0.34535611824809
3.208873608160507,3.131590307682441,2.514394676307468
-4.693397465983965,-0.27693340739696,0.606518380358612
-0.604706419837818,0.016187121072779,0.000863861577992
0.00648505503649,-0.327678367435422,-0.353381280183798
0.143181941261551,-0.542343797008182,-0.649980193035995
1.193235793451896,-4.335756626555894,-4.340344026156782
0.669571569429123,0.15156967013523,0.017573525452076
-4.670639673061328,-1.581793541362162,-0.582302835503105
-0.603177491079838,0.025358646643388,0.007962259733374
-2.26047046649531,1.621071894162087,1.951834957534158
0.184803463992914,0.069217711205649,0.036217993161649
-0.114143853537577,-3.190547075372714,-2.500986094947808
0.180715139789002,0.049398479935344,-0.009166483539567
-0.131044743094238,-0.517358032385591,-0.606847720159939
0.573512043306234,0.551596286584954,0.434579661902488
0.845180419066091,0.419746866151723,0.242323750593456
-0.6306427637003,0.003279367707838,-0.052232303217842
4.089105139733685,3.114021694023204,2.256718866922093
-0.63702146480644,0.006021775465998,-0.014848301536252
0.201922613941763,0.044767038933517,0.006918860992702
0.167553615976224,-0.013488079848348,-0.067484422763135
0.216849447850219,0.331154032805735,0.202618482846033
0.003304775167539,-0.451732733806152,-0.507222094441677
-0.425481193114504,2.541920586623164,2.655500469049028
0.087893187122332,0.368439277898449,0.267534534582865
-0.550440144299305,-0.052157717331708,-0.018245292557635
1.562231710203394,0.418737930065395,0.29445482286783
0.544082549087526,0.321423032320065,0.155159380165835
1.407888976051149,0.221261571118585,-0.007826782004644
3.929968072605423,2.708878499337001,2.437719051332673
0.512577046204999,-0.836758521963977,-0.655440413667555
0.002476268278208,0.153262410549225,-0.02289548321406
-1.989211802678386,0.131375642081056,0.512130674773675
1.383054647002104,0.559211697727989,0.326754157095939
1.63067801114854,-4.087750426515404,-4.431898406088991
-1.320686609749842,3.428407656008711,3.616730819366415
-5.82137402110378,0.569265270832775,1.80971796005472
5.932455694142117,-1.754016386864423,-3.945497730032195
-5.317060592402574,-2.836982340065247,-1.989639775364037
0.54815304151304,0.318918866714602,0.132093731590098
-5.74665086962786,0.585344018540711,1.939126341929523
0.358481899876433,0.377518203237629,0.22339099608028
0.679984251392062,0.167369772170561,-9.6541923234e-05
0.517197564587091,0.295042996406477,0.085432934570905
0.430481058259278,-0.17893982875394,-0.255618482970569
-1.054375529487467,-4.400784396111549,-4.109314655609021
0.680187537532793,0.17864062413033,0.002737539835577
-3.903299423873615,1.975745523329244,3.010398388653242
0.940713956320889,0.384760167469098,0.197732196441732
-0.418470419356104,-0.178054132863535,-0.153653289632338
0.003303538387,0.169582228210666,0.074939880064602
0.433123531998018,-0.101984671870284,-0.091977413412227
3.418238910505217,-3.478840539133949,-4.627096903183793
0.620014326514787,0.273897195852676,0.103921243763688
0.279981188932393,-0.007099574683428,-0.114269208473644
-2.450161234833229,-4.452919735186519,-4.368101762519665
7.027217332654157,0.26243555848132,-0.7952365257404
-6.153682344484289,-0.905672052931058,0.088023208796772
-6.162973751407766,-1.365639835456862,-0.40084576081762
0.512343101529233,0.296195814212461,0.092773892262063
1.167710765526052,0.397128812495395,0.090380567311401
-0.052281472385806,0.980250033349603,1.109172352121568
-2.447376843574737,-0.815008541503349,-0.435944889009797
-0.540152996330982,-0.090507951789656,-0.076962685219935
-0.011285985629765,0.351233252607036,0.212017041003304
-0.009424767813229,0.342606496346627,0.181671250292868
-0.79091840883166,-0.366839517209451,-0.310277307756719
1.013833877039041,0.393615466654232,0.159870951444353
-1.119753134774802,0.387557176435107,0.474649839149978
-0.605069951127156,0.013704221510768,-0.009874764805869
0.790152933942275,0.400005472602066,0.235580832395713
6.560517123857212,-1.424671874131953,-2.77428906025198
-3.844843472667539,1.616377427761627,2.189420872718642
0.423304842796975,0.351973160407276,0.185586110556827
-1.915880692714306,-0.338835000084758,-0.193923991366855
-0.517026305299145,-0.119426690138609,-0.094496861663921
-5.741443101365123,-2.16686326389977,-1.176161234009562
1.060865688736537,1.307382438581162,1.234327108198705
-0.458540953835516,-0.142031518117926,-0.179499471771865
6.777281710684651,3.938740196326682,2.945838576012641
1.396288044350025,0.352572808797316,0.132637306723818
-0.173694396034117,-0.205503522744228,-0.235639902336401
-0.312437881897721,-2.954113162942745,-2.732332503785976
-0.735243457020032,-0.199086958667746,-0.19988018442577
0.676550344793914,0.186193348569374,0.00571362808649
0.231404342319398,-0.052690521171122,-0.28275067062456
0.676449334108228,0.169075231463612,-0.002488516587851
0.909222848943879,3.232673588392127,3.172549187689962
3.432197654324788,2.347294029002857,1.43628054472948
4.710747418851184,3.40685978181982,2.583241535080581
0.046300080239555,-0.464833845831383,-0.561526248670125
-3.908076290569948,-2.843454553571847,-2.262568520600239
-0.413136009270011,-0.175950862503912,-0.146628109450037
-0.603992889336847,0.025401145072069,0.00585653748549
-1.90883645335132,-0.120919705628958,0.180801172509804
-0.873910310299262,0.48022893192521,0.754670257863831
-4.775410804600238,-0.798641846393381,-0.020112931070009
3.916225050868093,-3.366262458111334,-3.617777508173868
-4.542252298424219,-1.933079101690828,-1.138965706067839
-0.605779027729551,0.013755265622308,-0.005560636839078
5.795688599992466,-1.706106926296939,-4.285211138200115
-0.515737330520731,0.004009543742384,0.047285376292633
-1.159885395543824,0.383419638250024,0.618852538343199
-0.537696216762865,0.649444746992777,1.152970051159139
-4.733179497940688,1.638219972969431,2.606011603526298
-0.442462579221257,3.166160832188214,3.266600635907027
-0.359839358229569,1.232445819763116,1.035495617173844
-4.077225017617637,1.461398517010241,2.235962119907001
-0.386147988324128,-0.16214353923288,-0.171388498841068
0.276995254508211,-0.007130586266629,-0.108075558246426
-6.204742336742203,-1.090550939555009,0.111391838505857
0.419111071622708,0.354291410622562,0.203859812935298
-0.43942022282915,-0.196567752692493,-0.175671717401881
-0.603322997600187,0.025034877135546,0.000753450400607
-5.560305709050747,1.067752399630306,2.177922944452876
-0.54575367407632,-0.072168180182451,-0.06031105702377
2.01090054757706,4.738513523851478,4.527297544995863
6.839935537794242,3.908700102868215,2.631358768078598
0.681237172574348,0.168930310507518,0.001849976280099
0.986420324178552,0.415210758713703,0.188422928853927
6.947716258803263,0.31724532275552,-0.745642707283723
-0.617257551261361,-0.022949989738407,-0.057971940418052
-4.652244244205941,0.101269625570174,0.853750415768451
0.863733861494781,0.423576098346674,0.235371781154357
-3.056886418128558,1.921370789237325,2.721387312871127
6.879743295735225,1.289457655453604,-0.037021637084262
-1.932974113904912,-0.413017231373192,-0.152187129953852
-6.203073514170949,-1.194478527046615,-0.148735965947549
1.36320978103456,0.361203148101837,0.118384487517993
0.170935905605531,0.08052852758926,0.074471789054059
0.696438833447709,0.14770410784293,-0.046503149854986
0.409920843963549,-0.253122880156717,-0.352329340597563
1.401058157164913,0.352579796848794,0.123980178702679
-0.625608940604366,-0.009924769178667,-0.048106596719929
1.409247617737107,0.254244979733748,-0.024065152938967
-2.852488705488557,-0.62238989357643,-0.210347792092454
1.279556915237508,0.029026590647981,-0.277508340693213
3.746467295621454,-3.468879759976986,-4.143582566478694
-0.346894544657926,-0.198270618296466,-0.134922992866147
1.030117192607837,0.370694960174775,0.119551974495714
-0.535875753340353,-0.131355545725419,-0.105534939872805
-0.549953779128351,-0.051878709293715,-0.02334278325525
-0.450342335142901,-0.181266064275535,-0.170216526399048
0.682567054264122,0.199113177816358,0.028382972434903
1.022629429421018,0.394323896501883,0.13258512381929
0.170226962535704,0.075078702846602,0.044163040042305
-0.508682678386471,-0.081513389750961,-0.088346286901381
-4.82044183931243,-3.247964922596872,-2.431252699030339
-0.492643295110626,-0.0080340059266,0.01452059595175
0.677776976018711,0.180998872560322,-0.019784495452968
1.406054452317706,0.205814350239314,-0.048471842275409
-0.459465619109159,0.035306637689246,0.044294315339416
4.844279328335112,3.379622313368791,2.75253338234434
-5.597548088536561,-2.529375670633097,-1.353751795204937
3.572300209810743,2.265137040624641,1.4461283967879
-0.500368193120441,0.03038883525708,0.065766467260621
0.173113796312964,0.047529151970035,-0.037064475822662
-3.711087134788489,-2.838758347620205,-1.842417624174109
1.247374954494623,0.428725324866343,0.159493956276975
0.704944541288876,3.436165120911723,3.534185353456232
-0.2466027695755,3.124997715818789,3.112394933505942
3.881669030614762,2.693923882522247,2.286468849904527
1.265019993750925,0.006813260017597,-0.298443092152929
0.177618500966968,-3.559591876302092,-3.470737083650652
1.389893564750794,0.558772930530709,0.35468540917667
0.662417214770973,0.29827303334674,0.167029299468059
-0.434987815871753,-0.195787150482875,-0.188237677845308
-0.49221110877988,-0.059772206115652,-0.044659027419628
0.24604865436497,-0.04942176004602,-0.211632125593024
-0.491653467026022,-0.162552518502979,-0.223303709049193
-4.565572727808659,0.621166789656143,1.30470480000243
-0.889478438590389,-0.692057472990969,-0.687269556956976
-1.941469888225867,-1.153103680597982,-0.980623181479697
0.820121488490184,0.402382228843593,0.243334204519845
-1.831444163905826,-4.342743468817694,-3.99192535313756
6.210225360637402,-0.675774971009103,-1.76675983968953
1.29148198693606,0.430029710048218,0.178129095584587
3.756278655131788,2.710431352454757,1.962868632134067
-0.997034791327168,0.428690374693224,0.605034210687574
-1.506289334239428,0.468372835109952,0.842774312682838
-0.395993314813409,-0.24514805116646,-0.272238797833158
0.87871705609342,0.414102081793148,0.207562640785771
-2.665651198354656,-0.777524675490145,-0.490035508433757
-0.638735321964378,0.007203727403861,0.000209126292272
1.274689167828649,1.14004129171272,0.741476281561931
-0.739871507681096,-0.284760404802877,-0.260639598272484
-2.540088083485361,2.109097865722306,2.154549973022779
-0.366434876809503,-0.211117514181432,-0.264158233936671
-5.952094507077374,-1.857902182475554,-0.833812015526279
1.036840642795979,0.360636088245011,0.104891004595056
-2.107190588278577,-1.060416155140463,-0.79258062344058
-2.295974945703608,-0.833255775464526,-0.50656165787133
-0.392088003134322,-0.162788966424544,-0.148522642153716
0.179007524546479,0.078078254858213,0.054226418406825
7.173432874944766,3.568271186533116,1.522740585691303
-0.632586488070063,0.003287773051872,-0.04409595177399
-0.62526821601708,0.666838573230792,0.999674293406913
1.000684406816536,0.407990252627261,0.182937423741992
-4.413023045179864,1.085386336973859,1.779076408523737
-0.458056006799795,0.035496377924906,0.026728910080109
0.649820475875739,0.299373182932454,0.158252125040645
-6.173039748717143,-0.892391221388376,0.242001952035387
-0.836314394160691,3.205281874909172,3.325726253038709
-0.497543600524817,0.030400700337782,0.052689343155958
-0.495189927339056,-0.083544368564386,-0.046870980098817
2.325551172213644,-3.938356147183123,-4.368774624692483
-2.264399998058977,-0.835561808519037,-0.540347223330375
-0.12404269867108,1.058476006603476,0.580523806256484
0.392289235910672,0.382688223341011,0.256871508050891
0.206777985038101,0.348483941540949,0.183848069655633
-5.39435838516847,-2.82443298247157,-1.891963850667443
1.270863605337062,0.386729697557587,0.07173408836817
-1.999956234643246,0.129174086930469,0.477701090754115
0.670139162854469,0.163425495171871,-0.004470824357159
-0.209774534685312,1.895567148098698,2.32657473406649
-0.030432129638137,0.537713517287639,0.338637409950688
0.674626535648964,-1.256437813477096,-1.580398230151917
-2.74335107289465,1.075886962608106,1.938843730474275
0.126109254336073,0.300793089492918,0.165165920468424
7.120960431347314,0.355600267712468,-0.752533290156851
-2.588972918241735,2.123405038744751,2.506489563641046
-0.491597886726462,-0.016343446656368,0.010484657105661
2.814672039841633,4.66352348408323,4.799885428337436
0.676146944352394,0.185818175422142,0.001157834686794
6.838000325385888,1.447755542731773,0.260429141215024
-0.499478620635523,-0.068531986803923,-0.029635465642736
0.085358755750774,-0.25751165606557,-0.379293345268601
1.134511648197656,-0.57158487706319,-0.964303638853945
-3.794126797990785,1.98091112586285,2.732065025991277
-0.416344311573205,-0.175793210392896,-0.148834039647279
0.695432123215566,0.155202372006532,-0.026185428244011
7.259425371268556,2.714282057682441,0.644411632431242
-0.603845385951729,0.027667368497385,0.004325513942737
6.039618332125197,1.072741400379634,0.179955250358514
-6.169202024591256,-0.882836925561479,0.221063261977231
-1.033856311171482,0.428669404875278,0.589607436741242
-4.269252373396759,-2.62969919569989,-1.812076397407688
-0.876751368163677,-0.525853999680002,-0.638533368758958
-0.51295508608046,-0.121473415427883,-0.112209071135838
-0.010602233962555,1.150065079859625,0.836431603044383
-4.681781626674021,0.091140272268701,0.668270239693673
-2.002250655429864,3.358632483975065,3.776039485240417
0.701994637579305,1.780405044980385,1.224363085575122
6.320416962294638,1.293488089606106,0.486594069026422
1.07902935376426,0.390727126140734,0.144656762019222
0.842157950526433,0.221800617285336,-0.123945743026417
-0.026279693467235,-0.445613489052951,-0.504930658895212
-0.698556890483677,-0.141515645648965,-0.076412694992727
-2.362005091065763,-0.814279654728209,-0.538973142844953
-3.064336424068679,2.196085557029542,2.73509039352331
-3.43171431301284,1.524662712453173,1.434988894160588
-0.63672754539727,0.005952335436846,-0.022490482442923
-0.639392293120799,0.006240689317819,-0.015621449216148
-3.457508757984031,-3.014181765121597,-2.829384960179226
1.214585192728893,0.440268629663221,0.163726389228846
-6.184861258622394,-0.945901772554333,0.26915307966375
1.325803950223663,0.841930373734835,0.318413898816104
-0.601173264250267,0.033326498645437,0.004480804651818
1.131827499855473,3.4759817335244,3.484350686707108
1.293889215500869,0.444325163348385,0.194802442174098
5.629740137104337,2.358218771842635,1.832350266255715
1.244601191370228,0.429421263118611,0.144963858992716
2.629269014977273,4.658268066907332,5.074657428725462
0.706563233149648,0.461891549284418,0.335210715373944
-0.490529055541729,-0.027773172334273,-0.001537457888407
0.302803675005564,0.486850805718386,0.346739503812149
0.183164114845694,0.017603528671641,-0.06024250489931
-1.036836232136421,3.306830863706346,3.42795422531595
-2.904176396882854,2.145867659640484,2.618830439858715
-2.833411665099138,-0.037931905292123,0.182141344437368
5.746216418155463,-2.908454275078613,-4.008282291544597
-0.490656581519393,-0.059043788362384,-0.035550754553191
6.858199813029406,0.453593296215213,-0.555085319051812
-4.725742470783566,-0.299167778105041,0.458898675361771
6.245947317526488,1.414349420424396,0.583086630044622
0.446401914919802,0.345327554980103,0.203183201721822
-0.373798716409096,-0.244658050175212,-0.271124509906286
0.688665733875869,0.134463218345589,-0.077963419320066
0.001279659872997,0.17110801310387,0.056268959415746
0.248145622389601,-0.559785234884944,-0.681453198533813
7.159877066894276,0.467989792325593,-0.67154981418427
-2.464750546291241,2.126744019252132,2.585487900288132
-1.277072914321074,0.386769784557638,0.467872615797598
0.922322534328493,0.379112699017826,0.132695086148636
6.857955360411966,1.43435674249467,0.261390096148034
0.923907749886403,0.861200978047942,1.049075206921919
-1.414474576640501,-0.997944636078215,-0.772734477897309
-6.130699000888264,-0.767609860208369,0.352639618372383
1.374993547311275,0.362212221793902,0.133993091838884
6.649030111585175,4.065523119769566,3.178331159127975
6.296517199646841,-2.291865087179218,-3.675335261992295
-0.426034888454373,-0.266414934908153,-0.298080752208352
0.904078483729456,0.864073795327114,0.966429104679179
-2.118650019862772,0.879016269661723,1.15626656769073
4.415603741812401,-3.311323092175591,-4.162423274211401
0.946630404610264,0.402862275924186,0.186964433821243
-0.469017507451845,-0.000213931664408,0.019606989104934
-0.633557105039426,0.020314977760344,0.002919678092794
0.765833421699781,0.414728114038368,0.24904674168659
-0.474082189941861,-0.15657263199598,-0.149528854793536
2.64416994646864,4.078161690810728,3.924239630279278
0.527580058965137,2.372368650409374,2.932273052901595
0.163381674531044,-0.062056255943927,-0.177817198416671
-0.106422527040382,0.998250783083387,1.155612827929055
0.67850234116379,0.171464826792358,0.021491953662004
6.221207959563383,1.424880396719343,0.605450516962272
-0.152691892531255,-0.19819360103293,-0.245127752386762
-0.55286191621614,-0.043149540236122,-0.017689359463926
-2.413724566187313,1.893832116981589,2.928782937736373
-0.499905116328401,-0.119409427705081,-0.082294174431875
6.064840720295048,1.15638871381252,0.479979653857
-2.953448690036891,2.415724736490337,2.665663413420935
-1.553904699991775,-0.852869949674496,-0.610649952127059
0.679685113256222,0.164773186851166,-0.009392357614004
0.679950501262049,0.178929642725794,0.000739201102884
-0.466409981200823,-0.139482645182025,-0.079506319817395
-0.465693114989619,0.040935015972636,0.059085626810534
-1.1138481583972,0.38583911218394,0.411483739365753
-4.104370184659772,-3.597807919709632,-2.960216945590861
-1.265531899978421,0.383760365828768,0.482448908381808
0.979822678646198,3.292714707712319,3.376389967729309
-3.118738317632769,1.911720785667096,2.414141126223224
-6.003348741112908,0.078401012672538,1.210984683805707
0.839440617135941,0.419983111652906,0.244861367173157
-1.933398279149791,-0.259583981227483,0.174014518510311
0.188755638740643,-0.552774576235218,-0.646346050441965
0.684888140880078,0.123711974739145,-0.074469511778424
-2.699356649552971,-0.783528426292498,-0.533252833098817
0.814899672420416,0.71055202454033,0.538055508286991
-0.638098305961499,0.006211918877941,-0.015539679943745
7.055144188410321,0.327290120199505,-0.762139541055944
-2.073258718694245,0.869497048287706,0.916046656078335
-0.125210607549417,-0.221991549235946,-0.21220474618278
0.684994869343372,0.210155108768417,0.042306207549319
0.947000086699198,4.145828832708851,3.512543936299459
6.13688202110952,1.345940268724623,0.598539352770663
0.508025609084683,0.296252346958886,0.105755938875916
-2.091268051679727,0.881168844674991,1.125337273656242
0.815627130231052,0.401959888952741,0.245091325495337
-0.477844134627917,-0.156347623187538,-0.134932606862587
0.632282243936517,0.524403471520847,0.391641924276342
6.18508880072919,1.431598702776757,0.529877358227174
-0.487158638406528,-0.12300727938506,-0.081715394509497
0.171353487583237,0.056949071503899,0.015336761583794
-0.572057530088121,-0.059877440968103,-0.038647902030951
-0.580482068505269,-0.251306354521047,-0.181675462358825
1.219704918937157,0.443105703635979,0.16267841640915
-1.124434046150635,-1.074469338852256,-0.896706035205385
-5.841602282564995,-2.039439960884553,-1.155410557384559
0.924279413857882,0.379122766442505,0.161002892655761
-0.514888564619308,-0.129582561571612,-0.122312213209457
0.690736966161629,0.483611309811944,0.335975858117837
-2.808514317606483,-0.871409969960114,-0.520923723596839
-0.335647854033319,-0.197906397028572,-0.205393813262507
-1.153808190338952,0.385732521122455,0.550802649748046
7.251101500864802,1.082736603610807,-0.432670628651195
-1.883168984407603,-4.448604466150909,-4.078520253134394
-0.241179801979142,-0.294974712835111,-0.352473939209123
0.697400137955061,0.186322591467016,0.016685095602949
0.693268015620152,0.134143035382719,-0.071812242243667
-3.761229941931501,1.594699952699624,2.148798458456586
0.914430463870938,0.378859256176538,0.13600180856739
-1.249438133999139,3.419634736910659,3.62276668085791
1.389068869566653,0.171020086338759,-0.041625598636049
-0.602392868208735,-0.015708646544927,-0.043165849100738
1.278273693945658,0.383621254867388,0.111095195479
1.205907845320786,-0.081419266949695,-0.438067206953841
0.671109157145939,0.273545423592491,0.070324730982885
1.340342834869927,0.592020146611799,0.18366579239916
0.462501447171277,0.33965923733727,0.167405588319103
-0.635453725927445,0.105481511802483,0.00483918515302
0.686708688340755,0.20975107462343,0.046216232370271
-4.437361153141605,-2.347418259079463,-1.598283014875167
-0.066774513511509,2.099296719774205,1.912097865622854
-0.490396883371595,0.017096155210372,-0.007570363398814
1.259711079890778,1.149606152732525,0.813242908671903
0.018651046824728,0.270205575981089,0.197386779313364
1.384606772375195,0.155698698765575,-0.058359321832019
0.68011666279826,0.170886184665572,0.020778227477834
-3.570833585558066,2.093917619340551,2.87968109709099
0.057635771219657,1.605317690468874,1.715714727849407
0.655280799685901,0.298749342931987,0.164510263794839
7.140696789042508,3.543581525629291,2.291299532724317
6.082565662617069,1.278608678894414,0.354531508828112
-1.540995485898898,3.486262294918585,3.798552151921739
0.230721711868101,0.379155019595403,0.294784241587446
-0.513687960485032,-0.119355218090075,-0.168037368156247
0.780551974600878,0.401277274834792,0.236134860196756
0.793931275426253,3.51937895971997,3.2850112655507
4.363023795724235,3.380451517625439,3.167027939032688
5.251622136072134,-3.002199601150727,-3.274274963755316
1.145965126010609,0.41849455041528,0.122162980538571
-0.493663623155574,-0.105743525665945,-0.059675185345631
0.677702956870094,0.180312464461153,-0.001151215402592
-5.191096925473675,-3.018418083069447,-2.158706149875929
0.799407594118129,0.400008345246734,0.263073377682007
0.092793325128906,-0.517895691755996,-0.608536999182051
-2.850454849812712,2.138175771632947,2.632464496211581
0.30575925637074,0.349359635167522,0.200420533074917
-0.605123738645818,0.011240346867956,0.002682622239421
-0.54920521343454,-0.068945724623377,-0.042468980339067
6.835357259899131,0.6883806344067,-0.497095842286855
-4.763123681623862,-0.661329095950354,0.181544478012138
0.435720820067208,0.347673213816779,0.195495463330203
6.990930059755855,0.267112148030831,-0.832241794724895
0.329352249947701,0.488197508093308,0.378696119285485
3.511030241605827,2.129717689841883,1.133737532036651
0.494674842325307,-0.679812489389683,-0.863685835947995
-6.199214265132621,-1.189886780051394,-0.180448497985103
-5.612267024883757,-2.40149686017055,-1.39996185311281
-4.089850370569292,1.926629403047605,2.651265240790012
0.439299740864752,-0.611703679864715,-0.859991249050867
-1.904388061065919,-0.121222284061906,0.118161692213695
0.337207935736264,0.362760399313021,0.238830621066264
1.067185018782196,0.381048791700211,0.130652286336668
-0.631439552426155,0.016768364761887,-0.007655018013209
0.275897620734985,0.335427996939536,0.166380871720644
0.219929052955332,-0.559364648454088,-0.663467878965763
1.333303541910452,0.430988730803416,0.196534110079191
-4.609275749442002,-3.403978182406819,-2.725252832103461
1.388239959349554,0.172127356823692,-0.052109966408399
-3.918338674119945,-3.760639570135254,-3.088148369095687
1.282352910195348,0.416340931074403,0.107068788389634
-0.16971503046544,-0.487571553903323,-0.602135312363599
-0.606019786721708,0.013733565195015,0.001884575462957
0.263619141333098,0.322467869051491,0.156816047562733
-1.191680976659176,-3.904325125561896,-3.721501042519678
-0.731729084092332,-0.19735787897888,-0.16433257512865
5.491895227892172,-2.523197989007897,-4.326950037661539
0.185253288725995,0.01761661998396,-0.074650499594613
3.090728787011082,2.934220448586066,2.881528785426754
6.172149118464001,3.863391232254168,2.757735361580462
-1.137627300488543,-4.400747182110265,-4.195613435602755
-0.595797759683864,-3.086730384772864,-2.963506686897949
-1.935506816690907,-0.265738971379011,-0.08953804850337
0.611140077094293,1.811933122457148,1.94116162111055
-0.037454083377808,-0.448225412936408,-0.548627784326909
4.328129236771622,-3.319128727409417,-4.2042047725849
-1.025616784162465,-0.929762563067098,-0.929994623186688
1.211521575491082,0.439675471317647,0.169579899902326
0.076192969048107,0.40459103657498,0.288449342242375
0.580425051542358,0.329419683736563,0.136315871462415
1.054526950101192,0.348960466645643,0.075769171361622
-0.633427025437155,0.003286777366615,-0.012241722363576
0.405687988252759,0.373547317174372,0.229630796962424
4.193155170471967,3.358426786281992,2.761977855250518
-0.802067670629806,-0.391570467425729,-0.363561348391777
6.840137083971413,1.448929245895658,0.245139123693644
-0.269056722448016,-0.292172823067742,-0.448014700615868
0.526932300855781,0.550927334216565,0.41925644097967
0.286333268332577,0.335854145275504,0.193442631343859
6.775593382755844,1.220468630223963,0.089429396292129
0.037928188376417,0.362590631926122,0.249426009407295
-5.857758870359595,0.572205905505152,1.713452600784516
-0.492170347320121,-0.021153034721232,0.000763706939984
0.471451198663918,0.525270402292886,0.405084536021563
-1.93610625765322,-0.262206490146396,0.09852712667492
-0.528342408849563,2.730757607258073,3.166459865373131
-1.011471608365142,2.784324793383728,2.861654076900388
6.813896921972248,-0.195591922613064,-1.619948761977426
-0.653365553618378,-0.296783080099019,-0.307579501555246
-0.632131992544546,0.018559415559561,0.012937290788766
-0.140811357202114,1.067444040682527,0.676793348963332
0.175166488841095,0.330811774582735,0.189528052294786
-0.496080119361993,0.030396705922316,0.038222832538259
0.415923937779942,0.372608562235462,0.217630783052948
6.749263719070683,-0.319517013441456,-1.914267824237986
-0.711064773662566,-0.125213560584571,-0.087259077698022
4.887461199293691,2.986006520166879,2.172442221196161
0.470296014130433,-0.44632736363935,-0.43354055477922
-2.859974826161513,-0.495277497362842,-0.050785869273703
0.324113737664785,0.354716238726704,0.23224696590235
2.574702223564948,4.162661059178654,4.00748088956537
-0.638608096901349,0.240325036522584,0.193164010678519
3.684287576735553,2.320940055476521,1.878653090354303
-4.554817189798747,-3.416400335247861,-2.827689954620251
-0.492871600320405,-0.007650164482985,0.008521328480978
6.210790822740002,1.424935429455371,0.598820566320452
-0.469519327708749,0.541219911142297,0.761466126340305
-1.385021820583739,-0.996982182618911,-0.942121577609403
0.676753990269158,0.167677770104019,-0.015886370532315
-5.028647522309162,1.497848540679055,2.357495238721638
0.00432398482227,0.224594438119863,0.023025185945039
-6.182278701063407,-1.285715401517669,-0.266690880934313
0.198554602835166,0.022814746073456,-0.068016220994228
0.676201583000873,0.16909664336881,-0.005704938402019
0.919787205923933,0.379688671486849,0.129303427275703
0.60648056750285,0.272008566886504,0.056609331177277
0.128321926932676,-0.542196027622825,-0.675463303924015
-0.406684281799342,-0.265062119430736,-0.306395225681457
-4.492758612991882,-2.31237740816336,-1.331738749406737
0.005743090874129,0.993642254183584,1.170520763691715
6.10822295533642,1.356717535868219,0.536417659795092
4.66692519630539,-3.210283012682484,-4.174083635202996
1.035237489234129,1.197442629489066,1.120233814236143
-3.856521921260952,-2.856651151859058,-2.14112884549873
-0.441305302484603,-0.231715576784202,-0.200282789191285
-0.32272607243016,-0.20498496607697,-0.209533100395288
1.097036826363253,0.412388710355651,0.139789750646997
-6.107244665690646,-1.500963723593134,-0.437168999395149
3.586057210615619,-3.47450506285388,-4.227392358639621
1.357273719961314,0.076464405433118,-0.192666934259522
-4.531642319914448,1.751278781668206,2.559384889007435
0.865372237711134,-3.326779523630646,-3.657995731400123
-0.557519160250296,-0.047901759781131,-0.020447925529298
0.56979752176052,-0.85088469677372,-1.084580683837695
0.488210860286286,-0.441920956105963,-0.419076558084673
0.205001746519413,0.196233283965029,0.122906485693435
0.756304909688359,-1.362538515977393,-1.665232354116023
0.427326178845861,-0.251182498093648,-0.315016899330923
-2.059811065973487,0.180588874148398,0.119243953153276
-0.604688129778729,0.011319272604635,-0.011537156868326
-2.163520028894313,-0.926162555790345,-0.629616523167966
0.387740886006526,0.38252200651738,0.260400559146438
1.261314193988466,0.399529586473789,0.094637195848085
1.312703121526977,0.056479371581504,-0.25214630630115
0.485295249117237,0.330992085579942,0.144062765245723
1.344094658758719,0.59346725893305,0.183057277814263
1.199912957684557,0.422250442382881,0.140697038878418
-1.977557872827062,0.131693727314858,0.493534660168641
1.252693475178556,0.429972597583505,0.119955534217444
-0.120516852177523,2.851961592773561,2.937735337491209
-0.49147550954173,-0.027916820340772,-0.011134114774244
-4.304665552869778,-2.622827843054641,-1.747178165201541
0.680196654433765,0.178862061892774,-0.000520679785287
-4.429863184703375,1.749128940499748,2.538362807679126
-0.028679274759675,-0.311383201169541,-0.388077455006644
0.679941927840413,0.178809702178858,0.001782087530414
-1.400078753770912,-0.996239662695529,-0.881290543322055
5.048632524549044,2.633586403851087,1.903155130818271
0.598400232536449,0.3029186529338,0.114979673426982
-0.475649182859218,-0.121525388583924,-0.153478224880209
-1.245097250699698,-1.078795638313454,-0.752583047377994
1.183976727781537,-0.542361328159641,-0.804412222068066
-0.506297647761601,-0.09096806765621,-0.053158129389993
1.35083816689138,0.37602995162933,0.115784360273025
0.279466915703434,0.334765888846246,0.182679291474458
-0.615290684935903,-0.022861329696681,-0.065196896358265
1.258268218869915,0.006817275759555,-0.296939906368502
1.328616530239156,0.073170063097752,-0.195375132516916
0.51946596058895,2.295549382704338,2.262869814848773
1.373153852620325,0.115681853598557,-0.148060078859239
-2.241681819093642,-0.852921380774957,-0.548873543571055
-0.379932396624074,1.244049651909985,1.119080947257937
-0.604190081428765,-0.014495600082147,-0.032707111711974
-2.127355013134076,-4.464605276121137,-3.755683827799233
-4.756030526830251,-0.967038045970597,-0.260173105551004
0.679475186695538,0.170728253016987,0.024043399562523
-0.570353030176946,-0.2272068659886,-0.186046960218224
-0.560312989251154,-0.049663952977976,-0.044747515964752
6.846230534119002,0.454994724263171,-0.536436932861724
-2.845756785223211,-0.23694477524326,0.276032323487221
0.470476320031095,0.340924008639195,0.16593920833101
4.797278550245719,2.983810450461279,2.342804714781751
-0.545815784153171,-0.127683504136861,-0.124466399000536
-1.830429508118191,-1.126873420871194,-1.121992336563568
-0.562008684105475,-0.163103202270668,-0.17421304258642
0.173537025359479,-0.018055890491099,-0.081409493737911
-2.825537196027228,-4.108513533804738,-3.619832132223058
0.250324427397093,-0.047014244861162,-0.207944418073821
0.213539275756626,0.326225937390542,0.189147189739792
0.69573441230005,0.134897411957713,-0.060240810479259
1.311076403726905,0.849700474277087,0.471224387613619
0.040067499758989,2.804975589566116,2.370225522077719
1.276114204094349,0.007594939442853,-0.297425254903162
-0.331582462503747,-0.19463307746007,-0.208428911504496
-0.553286840738396,-0.042893190543265,-0.028074486598009
5.64830168966343,-2.516569849441558,-4.428976937471052
1.40727884074487,0.214008054102127,-0.016059922400578
0.233560073900929,0.339211485440877,0.203372011347942
5.358737793420447,2.476577012710222,1.816249714883187
0.359940602159183,-0.387152531060505,-0.592672011004834
-0.850509011981945,-0.526180494477234,-0.353651980189728
5.264358674194122,2.508396825083171,2.055977313169788
1.019088312301819,0.393234434258279,0.163552917732649
0.98162197771052,0.422035765419265,0.193586544721572
6.368180273037821,1.148250104900864,0.211575264923277
-0.464979422985204,-0.142378684857165,-0.136648895496039
0.695093178857566,0.146193342760379,-0.016437880651704
1.55449334352401,0.433458737557,0.440393239468046
0.484363190727967,0.538381165354709,0.428527236855484
-6.208855579681826,-1.075840772925487,0.045701461630784
0.181330274476888,0.055709968666177,0.022259895752766
-1.125648228423787,0.389171160739404,0.467786060648439
1.071902323403965,0.3845622765664,0.152806228281967
0.388072533604524,-0.480906181990043,-0.6257270965266
-2.754116067286092,-0.858761063415793,-0.510787904864824
-2.384488070652955,-0.810729470619304,-0.537626277445596
-0.192471136996245,-0.48764462642612,-0.5720269698186
-0.736421896973592,0.627398364614149,0.847475609564599
7.224745914222679,0.697476428750663,-0.524606836029284
-2.57844832118935,-0.827343491126503,-0.525073387999546
0.473897874705569,2.355019296760812,2.762017166234732
1.410271240982263,0.256358755601107,-0.008643359982169
4.3571986740823,3.819516799503287,3.089683067981393
-0.51614426865943,0.004026357530244,0.029734236454221
0.563984482881283,0.545675115443726,0.42961679464731
-0.604751968178384,0.021947613150899,-0.006597167697482
-4.214339077047838,-3.606127686975952,-2.806040761276446
-0.776023051940458,0.596182606246275,0.798133949183428
-2.19354689772653,-0.887717772117371,-0.463747225474913
-1.006582973790251,-0.927934601956293,-0.902207549009829
0.840809938407224,0.222142254978543,-0.170001895552468
-0.206636509519502,0.804474709630714,0.961812135687545
-0.605221486013022,-0.014448201888945,-0.012495935858004
0.379268091023957,0.494254430359601,0.358580398893401
-0.305241811020349,-0.205745289453882,-0.249430084699422
-1.905357770792438,-0.328658014954829,-0.085837808608804
-0.519011781968395,-0.117931462805861,-0.116960803262673
1.36838102692393,0.115723899292386,-0.169913817278815
0.144222801812635,-0.102364061112102,-0.206541623936123
1.380167704093955,0.376710788919656,0.135814650336216
1.124456382952339,0.422123978177342,0.154254119981248
-2.020038072920177,-1.142739645206563,-0.995748241739646
1.317746542111925,0.454445431622903,0.222944348749604
1.268720136770323,0.393083224638423,0.088160400425125
0.172688377485546,-0.015790882184859,-0.087499953209308
6.778916843159339,0.969444883946207,-0.106076038779436
0.481807865026599,0.331017464246013,0.125719597762669
0.607924780598388,0.549301291101581,0.458021642923108
0.05032666265706,-0.302749099645691,-0.293710061165795
-0.180024968661017,3.095346202347161,3.007247094656456
-0.511033684717166,-0.119786677923706,-0.07819389741531
0.671525471228347,0.092221000999344,-0.019386220830733
-1.616893691012855,3.497311374733947,3.777106213281094
-0.565764226560368,-0.063317818672936,-0.066362777543403
-0.600869550227987,0.033316650021771,0.000856211680883
-0.090938208397161,-0.232390951802689,-0.312473479491877
-0.687728663102672,-0.221647561037184,-0.190384948799697
-0.075628193249583,0.984074112256694,1.180530645394589
-0.634346795506948,0.015191323664881,-0.009928477381108
-0.446153790885103,1.085656546197274,0.898192784235663
1.284669241776821,0.414840451851559,0.109740921189954
-1.773717314510481,-1.128593032888575,-1.113357707651266
1.286161673824343,0.41546477007283,0.110941197273711
1.203906984942619,1.154759003144623,1.045258545831348
7.269455914911645,1.098999133946811,-0.358737820216058
1.386905590794186,0.376465622441515,0.142445304371717
-0.226396980687694,-0.379481476676572,-0.40640327512908
-0.819037995273055,-0.417674333000922,-0.358055543430804
-0.544892466510202,-0.089981581781843,-0.073972214272086
-0.558777051120091,0.636049090348531,1.107966244028401
0.403645878760682,-0.255079807920572,-0.370764603589058
1.360460769185695,0.376272172706208,0.12773675509969
0.533019792011433,0.311111072317973,0.143653372414246
-1.787338415797826,0.580243747201868,0.915030347528418
3.087276398526003,-3.623713552798763,-3.600429779535871
-1.528756689683714,0.471705544117817,0.919281844315197
0.506365286708238,-0.658585065859005,-0.575055214142007
-2.169816446615825,-4.451461958313015,-4.026994028239008
1.346004536850586,0.550258983842547,0.198399795101086
0.869222517798353,0.426727532791562,0.232183650484951
0.12315726012902,-0.183104435786264,-0.323034838272423
0.687357974385706,0.506694433687147,0.369074428444929
-2.055621193910739,-0.136350531170769,-0.025878032794304
-0.549839598008936,-0.053937967966566,-0.007464786754625
-0.718795592508047,-0.126822410896984,-0.135563612178931
-4.782634739880766,1.642217422736757,2.507583996495826
0.252187943490687,0.427962691320095,0.325035984518566
6.373160591520923,1.20877429599006,-0.019465856145206
-0.490869269950376,-0.028019903019356,-0.011858454933085
-2.350804760979387,-0.829039162829512,-0.61142723589426
-0.115533417629356,-0.224370478347035,-0.196570571146414
-0.560413018520206,-0.049831003137597,-0.056178482795184
1.025349219833195,4.173997214368745,4.262701593457122
-3.863721346763789,-3.74790051239113,-3.084532608150458
-0.516353005520934,0.004046003737667,0.01160455016708
1.754288130005485,4.693194979692798,4.468557335851886
1.319284857842229,0.852680185710645,0.388783270907582
-2.742407912364352,-0.86108349475736,-0.456660410977953
0.130585085055601,0.298849804727047,0.136121630556877
-0.124092165707747,0.838458804410021,1.122406274807575
-4.27996645675043,1.854288171932745,2.6140116038292
4.47750321625404,3.38436920893325,2.787671001748968
-0.496743418692477,-0.076078849048258,-0.044007467570974
-5.124429669580708,1.390019244587939,2.400613743597131
0.740540926274533,-1.279869267456269,-1.608210876114109
0.691736085326008,0.134223451078883,-0.089304383893815
-1.398917799479482,2.67623602300073,3.049298501543984
-0.535811639679325,-0.106658588256409,-0.103037825992628
0.321365531596112,0.349083833451013,0.237240239310706
0.744168271310152,0.435775740313664,0.282109142667904
-0.55217633175822,-0.044390231645847,-0.028969587943275
-2.676738628345826,-4.177490844915432,-3.718414954549021
-0.557762802045496,-0.048608620622707,-0.024975652006949
-0.511026605549688,-0.081089670947633,-0.066000197401342
4.766411671895341,-3.192987873712891,-4.239283203093808
6.126755770078681,-1.146328112970377,-2.627660766831566
0.052933995259437,-3.296192317394763,-3.111783590810576
0.179100435991803,0.106856897848458,0.039254869923101
-3.245702859883953,-3.411194266384201,-2.690508590612123
0.669787965771487,0.149153026853348,0.009805552073658
-0.706669363048389,-0.087172189392564,-0.061302612945091
-1.254353517432121,0.379431971348845,0.538065382617636
-1.870322392275309,0.359793916605467,0.68367223121449
0.068477737723498,-0.515944258522531,-0.647668492810341
-0.448870974885091,-0.187303850315373,-0.175415721124301
-0.244545315246308,1.25182424324585,1.32130896411247
0.034563691915083,-0.462646335274083,-0.511596758914198
-0.51177021799521,-0.080385879325271,-0.062414714371619
-0.194784499067898,-3.052670132843861,-2.400616730268465
-2.024534716140627,0.043050614163824,0.366606274265323
0.522862698347746,0.555567227129008,0.435196192313851
0.696966956019225,0.16117169617861,0.001461032086592
1.48591653133078,4.565262613864517,4.592221207514654
-0.602636149380421,0.026082440915152,0.005802959512037
5.010838260017648,2.666332801055142,1.953618189384517
6.098792394746781,-1.657164977683518,-2.87083693459219
-1.009678792545052,0.430663209038777,0.609151381369893
0.256059917122286,0.029992709997225,-0.152969841787877
6.051007155924848,1.165393088714502,0.468015545035528
0.674208184943502,0.229752296245481,0.057292413220227
0.171267191668907,0.065865187738209,0.017146580087132
-1.93726505083336,-0.261904994730852,0.029105396444598
0.676625127528033,0.18868711588991,0.013860680183096
0.449097533583653,-0.647445739022665,-0.867947958857683
-0.520597999712495,-0.118418932695286,-0.084259040884992
0.00332574970544,0.227891720876774,0.044229020604605
1.408395901247262,0.227504439115942,-0.015354214337256
5.984836107998543,1.547569024952586,0.68672727004577
0.353544468694816,0.378309114272452,0.227548547146915
1.407290656898043,0.222359616622034,-0.006142338408934
-0.277951249843288,-0.307418782623885,-0.274111756385115
0.80063592071375,2.910121823944165,2.831047015184999
-1.220853298070226,-4.391858047992113,-4.340334690426513
0.273238567679431,0.031306037263679,-0.083925959833266
-0.492741416330236,-0.008042272717319,0.013958143297205
1.421620901423255,0.669978419231749,0.442849395294162
-0.503493478952358,-0.07539283135641,-0.022713535320202
0.83327697632052,0.704236982804516,0.42359458477115
1.404637448302615,0.205632043446543,-0.052385511367299
6.030905422020071,1.144423676328522,0.080274770470277
0.243133149619757,0.345809338731437,0.162960280419939
-0.498560687898148,-0.071373189649909,-0.090417409394479
-0.100295879684218,-0.231882072327925,-0.288017965372016
-3.724511385644847,1.581460040004643,2.103761090726177
-4.077970867057596,-2.787914731196536,-2.261202354113514
0.622111927698338,0.296986547710524,0.113596714415232
-2.527628774824796,-4.456052512041614,-4.319378475225994
-2.182735832118353,1.118651893409429,1.100633471861026
-2.435936148508495,2.14904725711682,2.625815269716878
0.180632552319165,0.049377538789328,0.003135853688643
-2.838244816624872,0.476975429914566,1.124104923947078
-0.130328722756379,-0.222138586421877,-0.199836989137337
0.676406997176372,0.185890407396244,0.001795234244484
0.589188304521603,-0.551421407539293,-0.831904057006364
-1.426237224163593,2.601213556753156,2.638375521788804
1.36181108563541,0.368208660981365,0.120380426239478
-4.633692520292949,-1.577119377790151,-0.728055187049483
-0.631548465092422,0.016545053793611,-0.001315804855852
6.975047878887782,0.267926169380432,-0.778166590721127
0.677880674134332,0.229911475644658,0.040906273191128
0.293250379661713,-0.154806112814474,-0.244616898402948
6.842160966510706,1.450869682842999,0.254838554329843
6.350079069170677,0.505271084655085,-0.817096790875499
-0.56816475007515,-0.060140690147641,-0.034514820702281
0.014011476876557,0.270210999779326,0.154756617775948
2.560844222457976,4.698764482623194,5.199375991889529
0.754059299716257,3.037569343584693,2.726020029007109
-0.563498688574429,-0.060290450889039,-0.067271251334061
-0.552592267306113,-0.043170221796034,-0.024684578754595
0.546492665529206,0.320508615737409,0.152554590063342
-0.567195382607137,-0.063148616674659,-0.05586373520566
-3.631323147270433,1.595144336192702,2.482489345160492
0.672156354100487,0.273295864276454,0.06119568509899
6.157753210276494,-2.28393986923215,-3.906247003551133
-0.094528613667822,-0.491127552693708,-0.625898185190086
-4.372416596110398,-2.347334934804962,-1.635675902237218
-0.342737549351033,-0.201858186008945,-0.224273502928437
0.475502157466531,-0.680789962001475,-0.774806244299852
0.171717655611942,-0.013602582044583,-0.076551649239376
4.142916797154406,3.111467667652748,2.498148310799954
-0.437842128996637,-0.23231438101716,-0.247749463938231
0.405273764772336,-3.542124946669814,-4.064908994452701
0.263688715484438,0.449974870781866,0.34692438377909
0.179212987468241,0.078415167640933,0.037083119932419
0.677850996727193,0.180753891623085,-0.009090100710022
0.693130491102315,0.222376361550916,0.062331222762587
-5.276962691356841,-2.837750971651449,-2.065178487512231
-0.062331205209212,0.795638287196595,0.566938336819304
0.822795545963336,0.163450729102212,0.135814543373082
-0.619389754357346,-0.022858473235307,-0.057086568990794
-0.509058556307925,0.031998862941178,0.066022015323429
1.150236325777488,-0.563700550967043,-0.939761632351067
-4.704580800692249,-1.316414350428219,-0.503673168283609
-0.463621068284733,-0.041062061009038,-0.093088415945564
6.915937173647016,0.324038563115561,-0.736199651729041
-0.496557451589847,-0.071578023166473,-0.093911601923349
-0.497037496753216,-0.068843930439123,-0.040293568239484
-0.601718273039833,0.033262943564974,0.00332278183341
-1.915838220609846,-1.150248107534238,-0.790191132693782
-0.634816512156252,-4.297388057892336,-4.223540707414145
-1.414814176484932,0.425564237382909,0.810071303471748
-0.520866342222193,0.082541207400737,0.048283116168574
6.25810942840848,1.425744446692603,0.641810896644958
-0.245606048489101,0.674938509572633,0.98072629482252
-2.221426259991766,-0.847853256782007,-0.50636451480999
0.208900844700875,-0.559165427071359,-0.656998230502405
0.032365575467753,0.365906553981166,0.244215054589404
-0.42165604099129,-0.179238131273556,-0.155454427740929
-2.592317397214795,-4.255164404482137,-3.794141676096509
1.007092991496098,0.393680778615422,0.158927834443649
-5.877949671669528,-1.908988508822852,-0.943345430208917
0.172547387948126,0.081116297756881,0.078117549120133
-6.156081864939574,-0.909625150008245,0.110692221489199
-0.573357550799763,-0.053811595670178,-0.042310213020571
1.227000020356393,-0.030447292413505,-0.339935163966784
-0.63304575805082,0.01548982082199,-0.005690244823381
-0.504458545362537,0.125773386688763,0.145702756090304
0.172698358967617,0.047774765443171,-0.067059932502694
-0.491478281695227,-0.008371159474997,0.009753811237837
-0.048493582238879,-0.307492455321805,-0.312738127722885
0.099817466184087,-0.256865077506701,-0.384664949004097
-2.993802965431465,-4.050038801704269,-3.591932568046796
4.952572867008458,3.385331349901944,3.048947347828526
1.249763226477773,0.429295927196437,0.15306390190875
0.520491419396788,3.12234158552005,4.12816939113204
-5.917720500684542,-1.869194529737911,-0.911487774160566
-0.50359683302793,0.054364806290822,0.066827441978368
0.140020450866369,-0.105245665161514,-0.200661231417187
0.492141228450204,-4.435156204339039,-4.479144420401433
-0.336065668680591,-0.194331589956432,-0.215582393302053
3.255575267758656,-3.605460490481417,-4.147935090334959
1.198223001655132,3.474889094546107,3.470363017451533
6.818236941509002,0.701864330383532,-0.47625863689906
-2.079406952495253,3.356879940596835,3.806377988092379
-0.859931024802807,0.486837423008213,0.77286537016034
0.495134601093084,0.327506569338792,0.160017915918347
1.536429957187457,-0.359193962541359,-0.955162936208935
-2.649686327118286,-0.749634857366142,-0.487710012659672
-0.838880328141065,-0.468463432689291,-0.319936534847248
0.18308651673936,0.342531294263301,0.198309130427264
-0.490003409720346,-0.015770633493209,0.014124004958894
0.669789845451223,0.15566278174116,0.009596221777657
2.124437383951958,4.328049398322171,3.766855363064764
-0.504422271801774,0.05455254406042,0.068690916295186
-0.263085400253538,0.66912107012098,0.792219064459971
-0.394993511468327,-0.163345926308462,-0.145967087272282
0.678060701888659,0.174162713644788,-0.005889236235783
2.582426791597994,-3.735191462712013,-4.777693699597985
6.699758556881839,4.029572091285099,3.172118890413914
0.683872490625826,0.205784322814236,0.033302179721963
1.367456278383522,-1.505619312805272,-2.216250471305234
-0.530325872078956,-0.131016906767381,-0.120933443893167
-0.972038487200649,-0.857379003013088,-0.831173409668847
6.865940798750025,0.734851026987506,-0.476949203794875
-5.922959985464078,0.089058755047173,1.514007442159637
-0.806064059448428,-0.416194734143186,-0.364422231706665
-3.345693711105279,2.172186454914852,2.809162904863223
0.993916998022971,-1.213839801278838,-1.680028823005599
-0.542065890016014,-0.090036679545512,-0.071093678456551
0.185994977005041,0.098275864205351,0.04265351207423
-0.963533332955561,0.437708523445784,0.600966988267556
0.978111127759291,0.423117066784177,0.202458483878902
-0.604357812442783,-0.00051560988233,-0.050913211386516
0.15337889717954,0.299787425998884,0.182891935724993
-0.988106821588008,-0.926166163739104,-0.870979900778
4.089557587527708,4.294279487409482,3.687992787876971
4.481075772376812,3.794998815183424,2.981746845054964
-0.316790418375663,1.236543849559647,1.157431485436106
5.086936004874977,2.644082801441702,1.86080006269443
-3.407917819130829,-2.997876965064077,-2.799795509034807
6.878818080763628,1.281929137306806,-0.195450451775169
-1.777574103712146,2.290642606022788,2.99758948232747
-0.627322659587658,-0.334559149549904,-0.383829163874235
1.408823515318525,0.23227615904346,-0.015939431833557
-2.404004859112733,-0.812380186207898,-0.53085581237785
-1.670329410617104,0.630741854464437,0.996639013632005
-0.367550125451385,-0.171907277996327,-0.168702155775932
0.629525067682813,0.297670192756232,0.150932156455666
-0.925906933484078,-0.702488382875959,-0.811276730553898
-0.002246713714351,0.228908643698054,0.088296268613019
-0.557365507041551,0.625132244769133,0.807923558268365
0.639432773584401,-0.218844401213153,-0.371609891110007
-0.601855560967517,0.033068074883437,0.018473453476133
-1.929315349325522,0.04426973822406,0.259654819796544
-5.075936861270627,1.391254809504838,2.407917713791019
-2.693167916132132,2.131488452845417,2.590884254658072
-0.600927750918225,0.013292199818068,0.007660990422197
-0.346827519913923,-0.19814714538476,-0.123708946148581
0.827455604280446,0.410516381291673,0.244977811718144
0.178860599879815,0.341287543347302,0.195853852817348
-0.025059853533874,0.539450388041243,0.314395833798554
4.595314409191793,3.384897542046837,2.728152215149218
5.447349069979518,2.49547553251996,1.649915101151792
-0.634417184698656,0.015431498000764,0.003753590414935
0.959144294325583,0.417056456084477,0.197414312066886
-0.374548425446114,-0.17298941898157,-0.181385283674111
-0.492709568754437,1.023038487898197,1.125055481503068
0.58604924063088,-4.44112060253598,-4.472743690659928
7.287675183855843,1.77964454305691,0.149126630438874
0.680373715856276,0.181985317595549,0.005791827425883
-0.538815313370276,-3.075430855726283,-2.938476939171696
1.238907877338302,0.432231184199667,0.14557717506226
1.237265366286796,0.446712363739738,0.161677054703411
-1.330549209436777,0.391806692590209,0.624656749261374
-0.494263157466359,-0.071576511468988,-0.088052845509498
-3.821154081712423,-2.848192368273805,-2.15202010764515
0.00885797244155,-0.458968548249073,-0.508110046691619
-0.46712789022484,-0.041115583145078,-0.057157619114518
0.174429667770961,-0.020202230000504,-0.079220478079363
-3.740128673899325,-3.778566559885399,-3.131861219610169
-3.593220187523629,-2.856146148158027,-2.411929274643766
0.182062933087674,0.056058910674014,0.001412255360454
-0.487824396623737,-0.036295401013506,-0.019945694841932
-1.044663252585415,-0.93431771623253,-0.958737908930909
-1.668352027984068,-0.948881065016838,-0.729107713177456
0.057765458324142,-0.515540450965273,-0.575159316014807
2.296294176510989,4.675122865326448,4.60549697381708
6.500496168336043,-1.481653258264229,-2.811124039387835
-2.229352329031876,2.176284942650043,2.53989013486054
2.208043130648587,4.705751512023423,4.534748076253581
0.287869130720617,0.473023727675785,0.343127785134672
0.700877808808249,3.080282257479371,2.701235372073198
0.671078550171121,0.178853009035224,-0.034140242436241
1.017462672273802,0.394916027619396,0.174338529954218
-0.120019286435904,-0.223274512572825,-0.206170273103075
-4.775969883086536,-0.729402701141373,0.039993715810682
0.669975712601419,0.166957290271753,-0.010861506988635
5.845479920884595,-2.819056585735618,-4.255781781044297
1.565449066030237,0.422392564222728,0.140311631466989
-0.523915504736459,-0.004287562599341,-0.032943228115644
1.446069202276102,-1.487046961178699,-1.811698375686886
-0.720730761752333,-0.12673868786992,-0.144106129348448
-2.578581822906546,-4.225892205155645,-3.746361191400253
-0.497810767957686,0.546095106958161,0.711180459188638
1.24366642759043,1.152814996610828,0.884486796509472
-0.358549109100061,-0.210712180416768,-0.256184632655745
-0.505066368035178,-0.161943053525005,-0.210200108019556
-6.146981238936612,-0.777225664103899,0.179658747626814
-0.637622585919623,0.006009282598832,-0.01333095957407
0.245893432740202,2.581590554207725,2.761299468143387
0.185841457959725,0.026425261457121,-0.082812343629498
7.285072653085164,1.767362742066594,-0.136168982050694
0.854874756529933,0.424997204619748,0.241383449939876
0.513643269148685,-0.678793586409068,-0.897820149916838
-1.736085524830154,-1.04444629033913,-1.007434841484058
-2.896041683313942,-4.03169463779187,-3.415307666765336
-4.325103542481623,1.751206627946603,2.601700534413784
-0.600601985102082,0.033377381601546,0.004166553477575
0.218704158758096,-0.055518152382588,-0.228930897715468
-1.902966384538566,-0.322298245423161,-0.046813515091125
0.604277411039371,-3.437630066696889,-3.852560840379534
0.600113110705446,0.302793172522482,0.091949310734945
-1.638923381947604,-4.440300045448484,-4.102563216473046
0.525451603095337,0.301619243367523,0.10377191756888
-4.663231796776793,-3.409360277663127,-2.615767830659828
1.383889556251779,0.155456590921506,-0.066286151794786
-0.561323887698245,-0.050066497349133,-0.061031762613694
-0.382411685390424,-0.172391727701678,-0.179708506940312
-0.701718751091699,-0.095397189736066,-0.046512465743922
-3.306211454260293,-3.017920266140978,-2.616704408531209
6.869403194500374,1.303723812445145,0.188834616444767
1.393093339371304,4.58575486889894,4.649195705612809
0.66976650322029,0.179801939055852,-0.019659075573607
-2.681604754387444,-0.778851747688817,-0.516690218587256
0.340434076944806,-0.381727964742641,-0.53682374501623
-0.011288937069245,0.992077849040971,1.081677099142368
-6.151815793776647,-0.902908041041281,0.105030496566332
-0.315794787475717,-0.25763472416542,-0.292528210143859
0.143356936813237,-4.429664949522319,-4.428545964569408
-4.762101634093965,-0.934309422611538,-0.208373182214402
1.408016583613673,0.222738588342097,0.005978718851304
-0.634535901511704,0.236527528411807,0.323513016132599
0.366953763179605,-0.486482187380767,-0.672556076579421
-5.900554898521405,-1.873700745027164,-0.920971270741683
-0.547498634696256,-0.069275040889038,-0.047434054341555
0.3931964789259,0.495187441142543,0.304207046378629
-0.544101737726483,-0.127317620447273,-0.105240302761837
1.401276798421816,0.34010515384877,0.094106295795308
6.306404591406092,-0.517016888027386,-1.310676774964104
0.116593083189542,0.299313813881924,0.164423652115123
-0.261363705326814,-0.377646753635362,-0.469377322326068
0.431541269811613,0.514642148957451,0.379782238157364
-0.489131644866627,-0.013742081503084,0.011409217337943
-0.842795794793456,-0.52325854410161,-0.331142523664712
0.160525405873461,0.299939152377536,0.175187174446933
6.933641097718051,0.3178918286279,-0.740410606517219
-3.177448540845058,2.172233011471016,2.784810838733999
6.334946848751049,-1.91869633116375,-3.511351644689004
0.772668015404394,-1.428073349758672,-1.722409219412663
0.547179461840971,0.544940684762059,0.406740133822441
0.501338865971555,0.328162897866139,0.152756058424593
-2.04930035455563,-0.099466428014842,0.209658314484228
0.677172809496418,0.153875827467638,-0.023594234188628
-0.632042578351202,0.019840309838684,-0.013323821218842
6.167007972515924,1.426012204846741,0.501241411115196
-2.549763593318323,1.742912688893771,2.723090018524858
-2.500412575422426,-0.835704960460224,-0.684280594594366
-4.692874936429725,-1.322105406571443,-0.520776445109769
-5.405376843213636,1.193275932289082,2.551740229219867
-6.161291296547523,-0.893958778174308,0.161620264319654
5.815766602962716,1.989537904977385,1.406352060315447
-5.582058909037567,0.950304521774619,1.980043071614381
0.787218914857459,-3.37409825468716,-3.479142892987399
1.405964356126702,0.326182262361093,0.08005292449041
-0.555510860983479,-0.040394762406813,-0.025886309424312
-0.513914570532787,-0.058237380688789,-0.057414866276045
0.171122253314018,0.329608558375465,0.186606265240067
1.394886000844355,0.176458169904353,-0.073418933272032
-0.553458544269283,-0.162854161713361,-0.154911842545581
-0.51202393133337,0.545258778164935,0.73451181167876
-4.03039354848635,1.454254261148577,2.262680307207308
0.31758527033113,-4.44759750912117,-4.418514342348454
-1.978010313953881,2.200650846880504,2.868080618264242
-4.617684451987447,-1.577553017992208,-0.790705051736316
-0.070007108676372,-0.486798562185476,-0.559838357823196
-0.634250949221517,0.003717308480475,-0.007001421740116
0.002900103417916,0.153614867470336,-0.017248206169759
0.849462550208908,0.418957162040155,0.255077636520147
-4.736807012686263,-1.134800567738272,-0.347995775748023
-0.262327292687497,-2.985212406474465,-2.630156165332207
-0.50137058367635,-0.066517601548589,-0.02024761306005
0.028014175800241,-0.335455351931462,-0.364199026118737
0.169750309591183,0.079712252833235,0.077740997909127
-5.951291300328442,0.078934536712374,1.39105759885283
-0.631991610738755,0.003288822007266,-0.051841896965471
-6.026794315785287,0.078677293241593,1.122615348951649
5.33932400187277,2.484131302184128,1.917788265013454
-1.962637061314059,-1.158089943219936,-1.070566928141319
0.442975449480751,-0.194768335438579,-0.22029693182731
0.048871515825108,0.399375459098822,0.292205611428526
5.482667846341357,2.501317596974278,1.579316935514955
6.585083629023704,4.098801148937348,3.188750602029937
-3.685796264897287,2.09459116855066,2.79150457505895
-0.91223648307339,-0.699197683186615,-0.748700961362415
0.114446690286128,0.310704495741393,0.169607844248232
-0.606468085651796,0.013781107309376,-0.005356285553371
0.165459234096786,0.035175196965881,0.006345510131547
0.937813801064383,-2.627861101306459,-3.691151983841714
6.928336200597261,3.695007622997045,2.739307967766343
1.192290183900531,0.413515288410975,0.119338915301649
0.303308670856228,2.667978137627082,3.058534861462467
1.391662262940717,0.17293637324151,-0.029070032301026
-1.952382778718193,0.098538232139755,0.44963539725723
-0.606900319262396,-0.29651497414536,-0.410884238702906
0.83437866413306,0.151373255765168,-0.204502979909882
-0.491610977544451,-0.021339112246425,-0.004922120782648
0.652813148071281,-3.364543014854658,-3.548150877272999
0.554173182866397,0.323292517905046,0.126300673851924
-0.367891087077575,-2.92125079080188,-2.766745037720614
-0.605245947987098,0.011228923576676,-0.00445062715082
-1.685626137366958,-0.953293375034804,-0.674261583740604
-2.305202454569387,3.008532168487215,3.823383418868052
1.181794196830518,1.158596026257241,1.100450129926207
1.039372345735258,-4.348794179262185,-4.457168264046294
1.109280416797061,0.423775883525066,0.171167926373758
-0.845351787031855,0.55543934347176,0.722716534089226
-0.541749554386193,-0.12738978953375,-0.066352090643865
3.528008569817751,2.094010798666215,1.142233418107442
2.917103695101621,3.756048332244817,3.172032521334462
1.113040012315648,-0.581197845749626,-1.174983092230562
0.712553292741578,-3.346331124531181,-3.181166044366269
-0.634566884513373,0.002437508455621,-0.032646966178494
0.388481872118603,-0.598286855068192,-0.788093329926088
5.015178393970203,-2.987135977816173,-3.852868755717079
1.270584067257036,0.392111107294859,0.082806247284004
1.402530432281129,0.205528336207922,-0.05366227842873
-4.63361317962784,1.646281810552226,2.515362834083696
0.19818926998509,0.102351734669124,0.069830457770102
0.295160539434228,0.474192596194024,0.38318327532365
-0.024336816930826,1.202619800987785,0.848341352319326
0.357499696869803,0.490479771295783,0.358397606024913
1.40930943499746,0.326125468940007,0.079810209542845
-4.704471065264771,-0.292341225166685,0.546775685657991
-0.08049104713345,-0.490094676152296,-0.568510341901988
1.392076965533221,0.174590637661196,-0.034835070366796
-4.770979038501894,-0.813004437540141,-0.064112090453721
0.20015183631445,0.103704459334065,0.037081181320637
-0.4624303891246,0.035246195680322,0.065306198285773
-1.024961897402967,0.429243351793585,0.599008297298277
-0.179431738567016,-0.207012455602061,-0.248882256927348
0.591556636579833,-1.227911975633129,-1.171706698739428
0.641303368600167,0.323424511912867,0.135069564327785
-1.531123849877754,-0.840991621887213,-0.617410058261992
-4.116652174089324,1.869182678795783,2.465707515838688
-0.583981474636727,-0.295837716153579,-0.241340355341563
-0.501984414835844,0.054046101773927,0.071353282560154
0.807110679113896,0.91425946162331,0.687443942281327
0.345037772367582,0.36337609659104,0.246128053775476
-6.150282345848903,-0.897666669312408,0.130806022106104
1.20247555432151,4.248322306677562,4.519566905659369
-0.510014574003621,-0.090880078628771,-0.069552076703058
1.387556423405528,0.163344631251964,-0.050223373401101
-2.900113350711932,2.467037845529505,2.807253914196677
0.393412648993904,-0.37086594187342,-0.5321779937813
0.142216857035932,0.283328421467504,0.125537756547855
-0.588275453002777,-0.050853037861363,-0.069220164982875
-2.798228209090035,-0.871914121408006,-0.518186483890032
0.671999727694402,0.09266995961592,-0.078743202677744
1.128427214229327,0.420958235156067,0.177360930825351
0.677739975616387,0.17401052937866,0.015500300930763
-0.1351228705812,-0.221048579561695,-0.214225778417723
-1.469653161682916,-0.910790238441654,-0.529813231408964
-2.858401251966102,-0.241031071036294,0.115552503350629
-3.45129250366019,1.521392448918348,1.678096038034843
0.18061589943369,0.054318277135368,-0.047671770377311
0.682402741449924,0.123373355361195,-0.054299547310564
4.501169458108675,-3.332532247024887,-4.39251584835594
6.522179025670107,4.118664791302616,3.079029481680843
-2.426330850031376,-0.813626505122818,-0.516169918050806
-0.491837224462183,-0.01781795297128,0.017798591740725
0.79505490773791,0.398477893881785,0.241026344325665
0.252229610294722,-3.571675601453596,-4.087754428135508
-0.510286191863784,-0.081426188869014,-0.082281064285532
-3.199341152485207,-3.422989799145439,-2.780045690713416
-2.544227913705243,-0.830775673916119,-0.664057789084774
0.91287082966701,0.379262463346922,0.148501707783267
0.19181857867992,0.016562156930529,-0.086473648244636
-0.883206349546374,2.761140989417327,2.487514915792845
-0.51118537875902,-0.12095059145348,-0.091397532786804
-0.197278265864835,1.255315145114607,1.052416880969841
0.676089871444089,0.229216074695957,0.055700076540165
4.420406811571695,3.81270600937802,3.002425693005866
-0.406823598453403,-0.175478991501714,-0.157552354273246
0.693633588903251,0.145332546713846,-0.012230886024983
-0.940123772464792,-0.707767867502631,-0.801798400097003
5.915588379773547,-2.147130749597481,-4.169905635526947
-4.772329308067611,-0.811306271475152,-0.060928068429705
0.263836397620704,-0.541212200703438,-0.647765839950873
-0.144983448742529,-3.060797767381597,-2.388817042452683
1.407612482898973,0.222437345759333,0.003749509660607
1.513577543485447,0.742842819102707,0.59476976521746
-1.902262051609461,-0.124422889190786,0.008595702483844
-0.490472496591984,-0.017773173651658,0.019950877688578
5.699958435838336,2.361458392997526,1.865726118585833
-0.487067147558708,-0.035980377519896,0.008422631998697
1.817795546991149,-4.041065231270406,-3.669093193745726
0.678449848081859,0.157981636053577,-0.013389900906934
1.56854652072642,3.977254054413601,3.999979189173806
-0.583377722035515,2.71802000396333,3.281078835367199
-4.892516048648105,1.510430510104065,2.460027192637313
-4.930774788436324,1.508274285893613,2.451236910692707
0.966217628828252,0.417691810346556,0.223968944216326
0.820684682228991,0.152318269860791,-0.127195059439104
-1.225369680450045,-1.110858795700827,-0.923603995855543
1.249083619232666,-0.011766835574007,-0.311005022058596
-0.943429121341527,2.784821582120606,2.692120315277999
-1.105212190525084,0.384275734371034,0.431978309897029
-1.907288181014452,-0.331396773940185,-0.115781670253875
-2.833794403501918,-0.754458474566974,-0.391658285717732
0.081121061448348,-0.5168234224996,-0.656296233453525
-2.063028998022878,0.202787663378274,0.453424086756069
4.176471095001856,-3.385028651212264,-4.138455065843176
-1.909203554510989,-0.334184494768501,-0.136337402395858
1.175895791890524,0.399133733785647,0.110534986065325
0.222150420169598,0.330686335555084,0.200165141641359
7.103929408243316,3.496741509673559,2.411618797060701
-1.465245087767583,0.454206002867008,0.547747092769888
-0.607393629842688,-0.013761200302741,-0.035763802203688
0.157130075896882,0.299498500780678,0.189150829086601
0.212789706765343,-0.055393209854118,-0.210507142572727
0.571880523568211,0.32205734240126,0.156485652203727
-0.634109209327522,0.014490501116722,0.001753802274536
-0.680848840519365,-0.221889726929373,-0.168097047722702
-0.555395688065259,-0.032628190708444,-0.021108077847572
-0.058205803750453,-0.290261285285383,-0.264722660277048
-0.581846351172271,-0.059130607783731,-0.054951898322069
-5.679279022132665,-2.264219566803297,-1.266958457030151
6.152539242000508,-0.654093382582756,-2.188973672121222
1.180618675740693,0.402039365803781,0.127676985988919
-0.354182454007432,-0.210078082939114,-0.22572476632705
0.162935692616666,0.043836238671449,0.053305279754107
-0.727858281104602,-0.197051202868562,-0.163661109983886
0.133732687914289,0.285336566907595,0.137527943066144
-0.263254796662111,2.305183050384167,2.441051995542741
-0.60131948511683,-0.01695897817088,-0.040966305337415
6.954402445168445,3.493899833963647,2.511597321166701
-2.176048118856334,-0.924834574732283,-0.615488337946808
0.287178450518171,-0.081770386020929,-0.172321001163455
-0.526575569495294,-0.107925750395498,-0.1057519261175
-0.6021314457861,0.0329605739666,0.011760187378158
-2.380127446172864,2.984167839724723,4.102661808159655
-1.482954898311289,-0.909661047579232,-0.502852109449626
-0.411719323036606,-0.267950090641329,-0.342177920062508
-0.538897596081199,-0.090722592099006,-0.086704765379138
0.551151233391368,0.322667115762289,0.133073681298829
6.863645468848888,1.442138756145414,0.290216198802073
-0.489395054064703,-0.122897302728198,-0.076374595758509
2.354640470662378,4.131702628623984,3.866015386727733
-0.637730215487145,0.092927406740737,0.019666950645585
-1.907639599066933,-4.339139148650786,-4.053428386631605
-1.93688969102874,-0.261146128899753,-0.031087803962935
0.697913402224482,0.18973860975513,0.030168651234376
-2.174349370882993,0.902192092997155,1.109086969094246
-4.714895950360339,-1.321274984918304,-0.45430218826268
-2.844068265990662,-4.224876206671324,-3.671928915478601
0.335838254545888,2.336013888567155,2.26877641544812
6.784533425002635,0.96513548160799,-0.163239680508458
1.178717737574258,0.400081637581504,0.121044151128971
0.85080674739899,-4.370571061884306,-4.947277175324004
-0.496511631583516,-0.119252949046411,-0.066129606890283
-0.62268029728665,-0.009809842283066,-0.050188433964469
0.005066093439558,0.170932027255391,0.099238885137255
1.258608669850598,0.412937141632697,0.078344278538502
0.643705034444291,0.32376161552649,0.121558284592598
-0.567795592244523,-0.061140099657159,-0.042905607379134
-2.056156953994154,-0.124966166358581,-0.03147030380911
0.67037840210898,0.093424979866732,-0.152152481738901
1.087882171985849,0.410259892864503,0.139559083415372
-0.340262006076453,-0.194236093952766,-0.235878228775087
7.244769085773891,2.707341602729465,0.804299409022261
0.179416701289535,0.066715485834227,0.016667317006361
2.97588907322353,4.646433303797098,4.319147572745214
0.607414601524018,0.2468940947356,0.047632622736844
-0.100649523492934,-0.505565281109656,-0.605317326227489
-6.203104583982234,-1.010124153556253,0.16037586802278
0.343145332880882,0.492014770330936,0.342592178371564
6.326501940594673,0.46912840218187,-1.095278016706465
-0.500622594907105,-0.071232687262297,-0.098990929596473
-2.233054422661194,-4.305657967050293,-3.964072255119295
-0.51679088097761,-0.026608237933502,-0.017531458588985
0.944329523657516,0.869477077667315,1.03322517276164
-0.604483626725708,0.016047421946049,0.014442418645158
0.35027205670445,0.492828013743219,0.352018933948209
-0.26454536062168,-0.311245586309545,-0.324814372278662
0.371895789003737,0.490727170851994,0.351469290516477
4.69663216994466,3.411977580578506,2.615087761742234
1.260093683038791,0.41311979469437,0.082856248345612
-1.231397370684754,0.378531465336636,0.649390366070307
-2.19112229335371,1.342096078418201,1.007634575429596
1.060170722891338,0.379892739998424,0.126339521961461
-0.292217546259727,-0.280914046263038,-0.287288236653367
0.283014287771126,0.334307123266038,0.205197919710676
-2.456295671668711,-0.814759832610635,-0.481842023169335
1.205889830447576,0.42236438633939,0.141357929204857
1.227743995543444,0.455842567799036,0.150559371445992
0.334918662472563,2.492852393270832,2.370453165577008
-1.799842423177896,-4.445891526721752,-4.095767122464445
0.2666298976593,0.321598231853594,0.149216451490137
-0.523539560747574,-0.004260068245505,-0.01063214354121
-0.432444862764269,-0.234102228283949,-0.28840476262754
-0.608782687895261,-0.008949137950664,-0.04835469258151
0.439495960107995,0.516746870448435,0.405526545784614
0.268241721705561,0.032171875463019,-0.085859893877575
-0.602622282681345,0.026221373409983,0.012850039921357
5.731021533375868,2.128044588562584,1.548432969998885
1.284819617305659,-4.228815068609648,-4.454825376038023
0.191127655182156,0.340713258557261,0.202271385626696
0.853163514200177,3.511905429895546,3.181906191124336
0.613114358352736,0.275424887055921,0.084540401083519
0.693865696185718,0.165118397969698,-0.00298232083949
-2.200098708567826,1.578853554232175,1.303233179626682
0.527215193697401,0.301469306351042,0.105028276468731
-6.08780466679309,-1.611313443880674,-0.52231249582098
-0.000753611517604,-0.328244164615831,-0.353781072977323
1.362755745208081,0.506702540404945,0.231730452799208
0.31794432621125,0.35024556257499,0.204423471126259
-0.596635143390273,-0.035925608138769,-0.080526208058224
-2.047758672394888,-1.104788608644758,-0.885763787429889
-0.59936282216418,0.012471444846705,-0.023068637763671
-4.117935645622746,1.470235688065593,2.33996151643994
1.042320587038971,0.361372071945681,0.07868594634248
-1.768517565347837,0.577994136826552,0.884096302005245
-2.209773174527874,-0.848980467661238,-0.460819646631622
-3.401882013077351,2.169281421797046,2.776116762241068
0.587725293759605,0.31632349377441,0.134585039670168
0.775690054950981,0.412943963655534,0.234369516928939
0.029283625073349,1.600725515787436,1.381984796068407
-0.719164787348155,-3.349951446146775,-3.043902507354403
-5.821609493967168,-2.031537226224005,-1.190787057475708
-0.50703303853839,0.054086456791984,0.068953806412884
-0.765817032270617,2.71262211530689,3.016594231495997
-0.492204075283582,-0.021068410807321,0.004414791540308
3.974699134594148,3.052148555874185,2.553525111611088
-1.41815846861175,-4.176301568039267,-4.686845277889236
1.0467514734976,0.339831465403738,0.07216394556551
-0.638500916259769,0.041443268901234,0.009722685747578
-0.508065173304242,0.042940603748281,0.068144795344151
1.346386527648957,0.405858774713913,0.157675817357935
6.311592520006945,1.322387101368785,0.541186544675959
6.828538121393079,1.455228661737576,0.27974719761406
-2.160767373881773,3.36037222826658,3.788750926917205
-0.516671506884381,-0.11842431893011,-0.144601089780171
-1.219742548583701,0.378363636137727,0.697600565577971
1.031845252946999,0.372327332570139,0.114261609210645
0.457030346584407,0.347129567060482,0.161288839019866
-4.831055500090589,1.52536308961419,2.452745439795919
-0.600093754130385,-0.017026664489231,-0.040575117847649
-0.400609521647373,-0.162442022068289,-0.147729440662714
-0.491870033139652,-0.058844928319582,-0.03670443650241
1.087667906617505,-1.213017679604707,-1.510297221722854
-0.96992814162695,-3.338576587105962,-3.523775204332905
-1.466979556607125,3.468853922107729,3.707772682869905
1.72977227495858,4.269450995166983,3.920982857047524
-2.522910018543748,-0.832879100867566,-0.663916388179715
-0.491736329841794,-0.021133466189878,-8.728352546e-06
-1.30167870571377,-4.396243268121714,-4.178057106602304
-0.542285107878034,0.624244614124104,0.778324847592764
-1.66192740636637,-4.256690827148706,-4.891202790541525
0.698261399404658,0.157268137340135,-0.025201433503984
0.904267180823433,0.380705758425092,0.167351227709796
4.930191348594115,2.984855831710851,2.097498971541354
-0.54385952946432,-0.09036776629509,-0.07067161855295
-1.666328420881515,2.271023619210574,2.887925213652074
0.676582236965473,0.187855645601812,0.013822417747338
0.171481714624662,0.048237214847129,0.016568088691037
-0.48362039558676,-0.16080398133395,-0.210537579517496
-4.490386364889622,-3.538602296296208,-2.771122589308308
-0.188849933961154,-0.233875776706304,-0.259057171990317
0.16700751938272,-0.022810945079417,-0.1015090199588
6.366252827248142,0.502081525509775,-0.534745835720316
-0.517035859977949,0.141283382417562,0.127858833774155
5.657700052147446,-2.904682397079491,-3.642096265958175
-2.302355410842796,-0.833260501039725,-0.542744775739347
-1.966453820171553,-4.449258148072871,-3.850082390538573
6.886452426793421,0.469197333793547,-0.728499382862764
-1.288535788420491,0.387156812808031,0.554418601668935
5.379660546059991,2.458445840100688,1.782385015265224
-5.667065801140274,0.94517534615224,1.923305609521587
-4.584727102564589,-1.928892065633893,-0.953825632831678
-2.719463674750536,2.474455226535388,2.77977712134644
-5.147197620274213,-3.046352748640472,-2.255461683712651
-1.348945495819214,0.403076184778275,0.663301748864984
-0.55531575127655,-0.047714151356121,-0.021081540117471
0.594468578086611,0.301818166393954,0.119568122934037
0.186761895552758,0.09750300094819,0.043156607098629
-0.505915996130922,0.14127931425905,0.152120483218548
-4.767829126957729,-0.936579203954655,-0.119477434858463
-4.446868684239747,-3.536091876785705,-2.760906048405227
6.063374753501909,3.804171393389726,2.732092741076893
-0.637709938811386,0.247194057814033,0.076454278808403
-3.142817129393164,-3.44367865591006,-2.821045684817932
-0.492889422477321,0.064592139690309,0.050383203433681
-3.986456071358326,-3.768594735868406,-3.141715913832566
-2.787285823804218,-0.873775386415899,-0.527027888803519
-0.523437625401187,-0.004260557288185,0.013107537399543
6.782091956924257,1.208555908787206,0.224578278734771
-1.361282147751798,-1.000166945126344,-0.979748515931518
-0.459321787664092,0.035355615537987,-0.029474819844823
1.193455032426317,0.419640313737426,0.116835061583956
1.376969292216006,0.560467529364249,0.288945517881576
6.778102364238812,1.089483894045913,-0.070363135564001
-5.80002418824014,-2.048325514962513,-1.148724571654238
6.07589293900266,1.146768332101167,0.414327621511078
-3.025052403711884,-3.474460848553511,-3.106664024546105
-4.770045411994175,-0.946076279859301,-0.072999086961446
-0.614690324275553,-0.022786776091675,-0.063445351843621
0.67912991874297,0.200885446755321,0.026639389888911
3.398305933157202,4.485909464752701,3.987960278786765
-0.385917744449992,-4.29057546228195,-4.184728899651089
-2.454136953962428,2.99298310794352,3.967400767340131
0.171080769670535,0.075029167481203,0.040146232359243
1.205577541810646,-0.080938339053112,-0.220995480696828
0.555549514957431,1.932639213277936,2.153913360462641
0.659334034228683,0.299053996849729,0.17586485582812
0.689108089107296,0.22129578198711,0.067346777145457
-0.029696914698671,2.134395915338773,0.915233994833265
0.362499520831668,2.706517584171121,3.508994694179857
-0.018041379783318,-3.286725434850107,-2.726694604629563
-0.492376248140734,0.017086067865258,-0.065432898029471
5.666511843145262,2.364627402667372,1.94078956255687
6.276444455567211,-0.6792590952934,-1.562482126801671
-2.550621411391016,3.000119964277244,3.564742142466431
-0.079912853812367,-0.270011004163303,-0.356671259601126
-1.17207820324829,0.383931186468827,0.620130202317769
5.791914843890247,2.012071757154602,1.45679400013382
0.618551910789338,3.428247368815208,3.882156535949861
1.301753675262157,0.056454737532421,-0.251359442483745
0.541136725873549,0.322108413635249,0.147270148487071
0.695630540096153,0.155473800586046,-0.030330772084868
-0.827167109460715,-0.417566414276602,-0.361037518503124
0.303427303258849,-0.543202826981422,-0.677383009291166
-2.511475873208615,-0.836590689050988,-0.729748556351671
-4.761517339023465,-0.591038619648356,0.19314198526644
-1.605568627620979,2.578941214428352,2.956172067711559
-0.490224998670911,-0.017757676931955,0.019651613209066
-1.107718075685131,3.315180417969824,3.468867123307693
-6.142325438443928,-0.767596973417785,0.222898963037976
0.561627552953021,0.319758225209437,0.117208143927804
-0.479153322193544,-0.122154570427619,-0.177656111577587
-6.068301371281226,-0.400473426851067,0.968519253181757
0.309437139682626,-0.155753964986422,-0.30714634099039
-0.156304678315504,-0.518285825963272,-0.650651179073913
-0.716176764560647,-0.126685566668779,-0.116469731547873
0.531373104695986,-0.551387031107871,-0.926629962948046
-0.635288111312389,0.002504635730734,-0.038811540276633
2.759698779626122,-3.769362775951144,-4.298947141695653
7.26513644637931,2.282453419623947,0.511454592063494
5.76537568519569,3.665825742146229,2.730416869219261
-1.207341367929208,0.384324322041514,0.70419635674673
-0.168493122494263,-0.206473112952973,-0.228544135795853
0.621002818602879,0.286207092647116,0.107238005055437
1.895462613175478,-4.05440249932678,-4.091120742131316
1.325838618313668,0.064856335145043,-0.204656007116345
-4.538441003434482,0.619045235579656,1.401569446785566
0.182783554326458,0.068233490304634,0.038716815007297
1.935352142210969,4.726968663740962,4.535487365062856
-2.83226061858658,1.020299125096726,1.607690805869251
-0.534578970707594,-0.131725288208516,-0.11576789898547
-0.498293863584129,-0.068556655210043,-0.033256584374881
0.167644963872245,0.329105741665302,0.181585266037939
0.115637925562536,-0.520862452822439,-0.614437221672834
0.462520384909618,0.526006406082855,0.397094225100411
1.208445562285256,0.437965756190833,0.157364288115877
-0.704047686014242,-0.095598379429439,-0.051472186685273
0.778172486197767,0.408083284688841,0.241615429973669
0.190047330448673,0.095802483863707,0.103742938560118
-3.735765618418735,-2.843350233417822,-2.025265876054215
-1.177047663662827,2.809979541416386,3.42669441071157
0.397997428733947,-0.25912225646347,-0.475861524227599
0.201147446497968,0.045134522307165,0.021034954647444
-2.818471014567229,-0.755381565329535,-0.430963904263428
4.593692406015139,-3.320165242622505,-4.253775342203896
-0.890993026209884,-4.314837844065631,-4.181655284283076
-6.019710903690589,-1.652901714793065,-0.663886165262331
1.673320628697722,-4.079498800519319,-4.399803974218221
-2.185241394062959,2.187647446734151,2.509430990151935
-0.924257685217769,0.441842269093746,0.594266001943803
0.249662716194278,0.342608372550042,0.172062767775064
1.09379490018953,0.411925160844812,0.137462709780558
0.184521320923865,0.068852722002491,0.037865344982613
-0.632004526821415,0.01665532656221,0.013416427934805
0.47382270774262,0.339737317389209,0.160583856542262
3.546781786823154,2.07192082395481,1.247323488188835
-0.457514357059984,1.068873959350163,1.033569207141538
1.408202042215356,0.232695682385129,-0.009445920715081
1.364433666781646,0.079236280657628,-0.189928286922358
-6.195038654040665,-1.29312788888398,-0.199028638285947
-0.767297859985779,3.212902997480739,3.313213039384777
0.360909133367463,-0.485919430800444,-0.712370856146033
1.35074542325945,0.077346411199616,-0.225821743360791
-0.470324137573615,-0.156860476454606,-0.169127633736764
-1.632527916914283,0.624791159443176,1.032518499236301
0.022925304526982,0.362983372765091,0.243795873311437
-0.02017557826722,0.538888822386151,0.254732374814035
6.797849974203799,0.695648765202656,-0.419008659533661
1.367219858596997,0.361387418151603,0.123749099286739
1.113918984303182,0.422168164421432,0.16819077745563
-2.379557777194192,1.746675501759237,2.694763278400958
0.606928352331041,0.259426188931013,0.051898415109948
0.635147853663434,0.297218207550043,0.140277730482987
-6.121650516944062,-0.413314671351065,0.573234864629641
-1.144508145860152,-1.074429927674275,-1.00052105422515
-1.055915758016001,0.403185408066477,0.659079926416047
0.183900358821706,0.017601222429085,-0.071129353351661
0.327076254118445,0.361757293901388,0.231307285804115
1.224883798061842,0.454859554417243,0.176244454582655
-2.046960438929024,-4.41699894258989,-3.46993991283545
0.186803720001848,0.340375100939476,0.198560987065087
1.353928673799757,0.077550675062963,-0.217973851343522
0.290915021236882,-0.539417901578928,-0.625177783404394
-0.297633769022078,0.574685220862125,0.597779643404695
-3.688444012177736,-2.857483155957825,-1.688170327369587
0.632890167909002,2.872324314368127,2.754450372995457
0.550008933272786,-0.54929287203489,-0.981306646895603
-3.343883606816805,-4.063398706881028,-3.526608696002053
1.399088763209812,0.187218759493908,-0.075671371205769
0.843191025037103,0.701319761015838,0.334396179494712
5.679160586936802,3.574481467974868,2.310285282468446
1.366789019757817,0.507238399485704,0.231499420755023
1.501796761534225,0.738090980643984,0.542217896920048
0.176218593611519,2.496708593191646,2.543852927565443
0.577526010998378,0.32593226240357,0.148063930100263
-6.165134410461066,-0.884735003127149,0.187832475122134
0.665289855965523,0.296846828981533,0.130777877038223
-1.968514731402019,0.131715789289853,0.438180421903948
-4.768963922103152,-0.936988207196838,-0.082318866880955
-0.073254761665093,0.795491498736392,0.623628722197876
0.178295286822382,-0.020434284764633,-0.107725011841517
1.33358971644234,0.073946955317472,-0.18691243295828
0.326087258431809,-3.55843178248891,-4.294791560352891
0.373727647581174,-0.589219709274458,-0.775521600066572
-0.474391299699246,2.716675720214641,2.704225571665754
0.678835550155403,0.157823418095461,0.001341484686464
-0.590100293985251,-0.050450105644957,-0.072612532678627
-0.720983704652099,0.627245194486555,0.85798177356889
-1.387577164208494,0.42686617915777,0.779455967731776
0.24039453359659,-0.049945850172222,-0.215498289871769
0.695024259325435,0.145551578923991,-0.016083372426052
0.459145071894931,-0.677933814159402,-0.803706537706336
-0.256799010688983,-0.311265960862647,-0.327175361941452
-0.157230720525498,-0.198354077590158,-0.236203703737263
-0.508801428365223,0.141809155892381,0.136058265780325
-0.633108973276032,0.003006858921699,-0.025750511006585
1.323139384506685,0.056217083294924,-0.217161916916075
1.044304865642367,0.341053318716972,0.067528913586373
1.389619939985559,0.17046190358574,-0.039194289631171
-0.585582361561239,-0.050779107538715,-0.074884407752585
-1.752286775550901,-1.045405529409774,-1.097588941886656
6.84067549444589,0.569418771254061,-0.540867118862345
-1.300785277529291,0.384390028159705,0.528094445404373
-2.641539677736478,-0.748655000172821,-0.38581711887239
-0.57069660797325,-0.059836860812603,-0.03841762222495
0.695708323267155,0.186266395392797,0.031138549017895
1.271179497520216,0.385274819140168,0.075895644227259
-3.890300278986041,1.601283911286853,2.20781391961167
0.092308222696845,1.615737388883786,2.019478106611834
-3.471574663534329,1.535556585985236,1.895275410496578
-0.468834743398514,0.039505037226968,0.038836268360529
0.678404846778016,0.173598404514339,-0.010858669902931
0.683597083199317,0.200274423572242,0.028999609775474
0.190921965582377,0.016990343369746,-0.087876677684568
-2.058704960119415,0.177365798829008,0.070763040513082
-5.568682655216913,-2.561328555819296,-1.328460550530842
2.238233304097287,-3.959831428616361,-4.47351961781526
-0.705535278877797,-0.095764871298311,-0.057833093730158
1.878235277429664,4.105454080168183,3.963189049615226
0.385000921680502,0.495743430867188,0.341466451976682
2.413357459693008,-3.93167954329823,-4.316941588942267
0.195686764900796,-0.562379647773048,-0.68920985404464
0.6801907812382,0.164414212614476,-0.011347950389576
-6.12645513734452,-0.589519445305501,0.471681276607933
-0.551746556556348,-0.051461570395336,-0.023635683006598
-6.178997669347065,-0.939103056009804,0.247324476858987
-0.633802251988485,0.015448058882777,0.001022374809892
-0.312913493165185,0.575297369938256,0.533145109664122
0.609462960816576,0.246765124105066,0.05145502159106
0.207679489146056,0.058990710161435,-0.118731697411299
0.400129662244943,0.494579426269054,0.349536345498026
0.849787853214981,2.84436358535401,2.933744869140793
-4.262949384602399,1.405613064550787,2.157199364621412
-0.58422135551966,-0.050865658303035,-0.071061109995245
0.345944557032609,-0.485781660555045,-0.793991079239249
-0.7983578686244,-0.366943757212504,-0.335998041608673
0.969042080238909,0.422120487466708,0.216398779496077
-0.603455918163195,-0.014532757360614,-0.044316157881632
-0.073744873807741,-0.270667054690065,-0.310137122438055
-2.918684455603578,-4.192137117056699,-3.815161018550627
1.038844084954781,0.361088276624488,0.096295984541691
0.684135421966788,0.123506419360349,-0.061876137556106
0.233492032304313,0.425685706951532,0.312399789520329
1.492172247351775,0.741041023472841,0.525061731045314
0.459717703856487,0.339166843900155,0.164691435932653
0.505733508719921,0.556820613213367,0.418078927270178
-6.000017162613026,-1.738123785086688,-0.621622037292375
-1.112401530941158,-3.845017689033687,-3.6406122170431
-6.099922812492151,-0.409321468403935,0.699797503044137
-2.849887489722576,-0.747355664855692,-0.320055941051754
2.713123656520602,3.987846401141374,3.439728943510128
1.27595613536163,0.383666288069242,0.102160499947005
-1.545257992679649,0.563910002000962,0.94420558425734
0.180635753951612,0.04937028792565,0.023535816296564
2.185056381507766,4.375311628981525,3.347692352176588
4.84233699552842,2.979009189126247,2.285309839759374
6.096737928001329,1.248709267800168,0.459988712322006
7.132538093207939,0.468514978902615,-0.720045123439456
0.677188137273024,0.176978982871959,-0.029762614363571
-4.377314808674361,1.758870596663766,2.556153103763277
0.260051631780628,0.030339729292782,-0.133431081023431
-0.422167921037797,-3.00393072988152,-2.796734804606354
6.852171376208529,1.441960991084438,0.253714197000527
-0.600323848456951,0.032883067364246,0.012572523605154
-1.03964293638285,-3.770470394034745,-3.585503077818249
-0.466591263262769,-3.040915663184452,-2.874070426226229
-1.473322354346584,-4.456851693127918,-4.177823449063136
6.234203534325355,1.415434372875186,0.593799044898664
0.264066226362848,0.029698865825713,-0.111767739389371
-5.357174289614066,-2.852133461484981,-1.93853387374399
7.18878636623729,0.5081423705122,-0.650407871667838
1.205423587262942,-0.079695965303283,-0.145275611323228
-2.018135775835703,0.04298711914639,0.407597342933506
0.26620614033508,0.031910474181742,-0.089614685367913
0.103149904615755,0.32702289972072,0.132114733543002
-2.617339386874336,-0.78598882218936,-0.317166728830112
1.047502257471868,1.254506345635596,1.248697291871914
-0.518645563443026,-0.119405753903053,-0.090508831422361
5.41423878900812,-2.564907883642651,-3.715369131990432
-1.810674876859892,-1.130028515868909,-1.1084229266172
-0.221082088728572,-0.433237908028886,-0.411993628377222
-3.598961072813514,1.582321770293719,2.373734602224868
0.59914163734556,0.548271516524953,0.42521121443561
-2.054206900107855,-0.099265104061018,0.152324566074104
-4.518722028344386,-1.959855176837543,-1.241198046755514
0.065608376494155,-0.302888091236882,-0.309922866901439
6.301974635068701,1.350709111710677,0.588919655549762
0.841845296798599,-1.434778414736844,-1.719027580607981
-0.605279186416378,0.020618743317683,0.025323571885503
0.693719305284139,0.165004356390881,0.005237118568997
-0.508861022099898,-0.090833713489594,-0.063414077827862
0.364038782290716,0.490735295019185,0.352920169368725
-0.603937480859275,0.016063916952512,0.012432592971857
-0.605109523341518,-0.01437441232333,-0.006873836029006
5.966799480640785,1.491138971537198,0.860499101967954
-3.204285912702919,-4.063802828455199,-3.970265299384482
0.589018318459439,0.302145072740643,0.123553611015575
-1.3727207020423,2.76352891586904,3.06052167418624
0.174334576878392,0.077446330097832,0.072350935632364
0.849291560834028,0.455042032540094,0.424446914026485
1.298015711898986,4.590558587600668,4.561833910157015
-2.395516903266744,-0.811093847702179,-0.536937524401445
0.680303524663315,0.181815751312504,0.007297424707971
-0.237002519900076,2.090518265233285,2.545241120208811
0.166915249447248,0.056125398564816,0.04966363501393
0.050003377812624,-0.30371097815725,-0.306877239198421
-4.195616047304741,-2.617687697333997,-1.892101967591078
7.201971843398719,2.643322456636562,1.297315204176
-2.655507621437489,1.101629531829618,2.832939278024234
0.743462023708493,1.134436130090144,1.000458733211232
-2.032854415798059,0.043140320983964,0.331341743334751
3.006820001045684,-3.608806187507275,-3.855466460237003
-2.711367639104166,-0.78692783945831,-0.502195208601988
-0.542806662507739,-0.127371588947081,-0.078214140855898
-0.045949949740104,0.544367142974827,0.400977794604364
-2.626343161135356,-0.750984932648244,-0.338806835761028
1.401074759131192,0.186613579207023,-0.043115530202589
0.208874379605337,0.002577457231143,-0.143982162627292
1.058426924972977,0.364982971320518,0.108245275934268
6.035667002265699,1.078091408811651,0.050326819528908
-0.628564093049945,-0.014387719730268,-0.054761118319977
0.299805421928241,-0.154311305534555,-0.264607777107629
-1.720381015058938,-4.465164237486402,-4.106276136841174
-0.636999721327787,0.096041430100693,0.0189195234405
-0.984204016081955,0.427867098769036,0.619567599414271
0.232580985755494,-4.430625981840319,-4.407506869481899
-0.696099313050723,-0.142393664293234,-0.126455739516469
-2.750220595300409,-4.114736940156597,-3.673177985517482
-0.450428607010719,-0.14386618322188,-0.197985960019251
1.273870744686288,0.383924490961883,0.085419448054607
-0.578766046848742,-0.229349087930833,-0.146020284535374
0.065174043818211,1.182045435791871,0.781829108644127
-1.893799451270302,0.054146056645028,0.556825255856582
4.229506464721459,4.305617918887427,3.386971428055535
0.69526108750423,0.1508377508376,-0.018086772220248
-1.456117961519517,0.42672650335614,0.588872721533257
5.099405946579866,3.368237564786375,2.350596672862726
1.408222305630548,0.326652818547262,0.082578079168483
-1.389600960524831,-4.424623156317811,-4.179076870894115
-5.978210731011437,0.078768670209142,1.284700041104506
5.848471785899352,1.975488923130135,1.342539288090902
-6.115668071614078,-1.48913442334388,-0.379287001645762
0.80572907790568,0.402221733846776,0.249079900534222
-2.851220144742598,-0.237059618789905,0.220112680539383
0.269246557225501,0.321695572546768,0.15567990911423
1.287386797946426,0.050826963976362,-0.211177014608177
6.227544200078018,3.831341254913807,2.761487163588489
3.07469343400138,4.539391715191289,3.386979545731769
1.472538727603765,0.736863914790525,0.513413916699104
-1.4933182508509,-0.856057870576805,-0.51832041655216
6.791801435119263,0.708800034428793,-0.299887496317807
0.035691176688598,-0.332397058651818,-0.320947824427204
0.186862376816709,0.026307130586713,-0.053474339925147
-0.767916861494905,0.630338552307102,0.825093379143499
0.611552025058139,0.246957620169094,0.066772243457536
1.306932488719422,0.056846263311257,-0.262753361320413
-2.588198614957755,-0.784917937489008,-0.508033595322532
-4.590482453966659,0.589504809640278,1.19308718644059
1.014876695419043,-2.610529429671124,-3.570245851031248
0.432590891979781,-0.101914110946044,-0.076078399563596
-2.620340644961344,-0.773949866111281,-0.323636572714017
1.282838333904166,0.050281356406573,-0.239822905354041
5.41452458632357,3.491759170205769,3.00820469723332
0.769799756759075,-4.455713116239734,-4.478744445807034
-0.602473720353383,0.026182208301969,0.007978376234063
-2.226822832041759,1.612573825224,1.732245298231058
-0.594343560805564,-0.036372988727664,-0.080329866622613
-4.600871632968406,-1.632314103007915,-0.868563835331496
-4.446169612117582,0.604335866501011,1.677408236196564
-0.489160274958768,-0.014060855882492,0.018885130752117
1.055233038780203,0.348371953936218,0.071490937456278
3.327558395514802,2.532168222784449,1.491408878511171
-1.932460992529329,0.064166812787057,0.390275864359777
-4.72244833021537,-1.32650362276836,-0.418472863318455
-1.572936138158269,-4.197686149236514,-4.797557453255957
1.025349351378793,-1.214895849331511,-1.61906299664217
-0.577252109683205,-0.054066298850401,-0.067002764816771
-0.496450260600897,-0.083231177104753,-0.047490918285663
1.347980844000057,0.507105295699737,0.186987865964142
-0.608504145398559,0.667200278352197,0.979864509790222
6.146620181808039,1.350090658363741,0.55374982295948
-0.595157421295285,-0.296237865257635,-0.287471298364497
-1.948165262804088,0.0655045519035,0.427348997150943
-0.513937240877786,-0.125757407277036,-0.11217688325864
0.112498334446441,-3.320262661340175,-3.405142961373495
-0.937217673725375,0.44042474410959,0.526054162330152
0.53148643099449,0.302870972700226,0.119722299187588
0.613649495013119,-0.544267076894467,-0.758886206329571
-1.099595850058111,0.394901423482212,0.543450732104143
-0.014339171249501,-0.324254060560799,-0.376831468324641
-2.060615849211994,0.180944354049702,0.24111594629436
-2.330456450999718,-0.829830875814805,-0.562466644758351
-0.493387314220575,0.018740093069858,0.030635196665258
-0.575569684307643,-0.054120171126468,-0.064130786257064
0.430460893579553,0.351714790613627,0.156617725216617
3.157271467881799,4.507629582503028,3.519425583754581
-3.512190023824314,1.534254427271764,2.089635233340968
0.068008886552401,0.404532943705293,0.34533965294495
5.760327314499451,2.085034674677678,1.488241657609441
0.148333374348598,-0.101377191048782,-0.215304556996334
0.003581822761642,0.153726657351064,0.008366781328553
-0.428647481300884,-0.179278620464412,-0.174024009183242
0.610095933967995,0.246387015138295,0.054617872093152
1.108683445171472,1.311527805213869,1.266827576409028
5.043413711637919,3.350574094165274,2.52416604442747
-0.242666676845159,-0.378633061066437,-0.408945877925961
-3.676598381798262,-3.895560667184396,-3.218007585230329
0.782346247701506,1.136184237710891,0.779181908269774
-0.38574422204662,-0.245019116752223,-0.252671281767631
-4.064059445179696,1.992772351538619,2.666283661713728
0.685681801295888,0.124151801356451,-0.077388787777944
-0.32740754323983,-0.252599387626578,-0.258734641442396
-0.418833564801784,-0.268431385992655,-0.3411642558035
0.228065810984905,-0.055602909307727,-0.258211900178661
-1.147130154411374,0.387449677574009,0.488933758062376
-0.501574517258027,-0.066790081960009,-0.025540365209186
0.129962918494305,-0.182649670349818,-0.246660034103416
0.39635238448272,0.379628825231059,0.234332224238017
-2.759771923098924,-0.860116717436063,-0.56214371049921
0.1645230657254,0.043930572290185,0.067503710156405
0.188295058916863,0.097196477938861,0.010320101107367
-1.235368757995538,-1.099300280663769,-0.800935798418045
-0.638333552987969,0.041368336926328,-0.00074723342255
0.167245093427173,0.045358787525163,0.080441655185396
1.401421841225296,0.328218203507401,0.083458348285119
0.31719434127082,-0.372499729286377,-0.470927097656733
-0.443562103977899,-0.195749322667612,-0.159477655041684
0.890993292146459,0.413019328158602,0.187867428970119
-0.485561564461708,-0.122891256005287,-0.084397473048972
-4.767147243571555,-0.660497518528789,0.149139699611388
1.169377215059893,0.397758073246842,0.103323679864345
2.981397410063465,3.684176899466565,3.097016864818892
-0.502856622782992,0.111134050605876,0.13140778245948
-0.488806549988467,-0.024787680119225,0.020879744899948
0.421908983740867,2.349644890376321,2.451793034733221
-3.392325641830115,1.606588645025737,1.844049985602902
-3.410207110718364,-3.913486694852629,-3.371380860185115
-1.561564214945756,0.566156429985778,0.893603519799937
1.562742916220437,0.426399886200109,0.010955950065265
-1.822913100565654,0.37552842027953,0.856438726134475
-1.335048878291137,-1.001904487114694,-1.016418891968868
1.345325941780636,0.077264470739801,-0.201456675682269
-0.502996799095906,-0.081079968328946,-0.098746923330386
0.297338178462658,0.341953994858055,0.177230283632281
-3.937661954046757,1.605256164166112,2.25003446771372
-0.462284207631075,-0.041160343923141,-0.072985813461553
0.161488225884963,-0.100431606503228,-0.195156077264056
4.243790475507237,-3.33022268846331,-4.16513900818547
-4.743792054600371,-1.133901179408807,-0.327060329513434
1.19107709574291,0.405621272036821,0.119336268508507
-6.076585579912426,-1.613931152692799,-0.647368240261857
-0.456931936931086,-0.179661336947013,-0.175183251072752
0.181153022100601,0.108995354241186,0.048217221676659
6.776107429422231,1.201832569653197,0.167561864329233
-0.416729340138059,0.512236840722843,0.820712263786401
5.898860403855204,1.497305334388255,1.255700287431875
0.001384163323749,0.115611513285503,-0.028407792618017
0.071205819939099,-0.301165625555514,-0.349575923921195
2.907715204140236,4.658152530181793,4.482631194744768
1.409741409150201,0.256017910802869,-0.019234735540551
1.15341808465665,-2.571271655752958,-3.164975771180569
-1.804600462139755,0.575862830168737,0.888739112373739
1.46127863962337,0.737166584559705,0.521355719651238
-3.412861321549739,1.567036261911763,1.642722537137041
-0.372846781779938,0.51348678885403,0.725129899835565
-0.623470161729326,0.23775766381547,0.445850572781405
-0.537807928196342,-0.131570618177264,-0.086521971252309
-5.358354884121924,1.201559355294754,2.565754495584747
-4.751489887347445,-1.117040870932624,-0.294344765410522
-2.956722599681709,2.185858057116018,2.684205377886924
-1.519394653587088,-0.84328876774974,-0.600613379386491
0.326208134363991,-0.378238815049315,-0.511030805139075
-0.520769893332149,-0.121497623306955,-0.089457698704193
0.693997044632048,0.459090977555686,0.330232352392924
0.726123048612549,0.457627539483985,0.308701752445029
0.67238472934563,0.178740017872562,-0.035618490921317
1.199031728352297,-0.081023714791035,-0.622477358703627
-6.205842772017159,-1.205791460184267,-0.113283216153542
-0.603719769076617,0.016377068439454,0.00686693915472
2.116918466829684,4.721237205174566,4.498970203980326
0.184238454172641,0.068367237568841,0.04138116106485
-0.637931776921003,0.052793168310312,0.010871553652406
-0.003634117464591,0.286544463628838,0.08879745858632
0.61234680276549,0.260747183027742,0.077520740838297
0.189980542122686,0.017548166967791,-0.081102741412516
0.363251045421332,0.375904760070219,0.208115680169617
-0.560189688242071,-0.049777211663488,-0.033531440990058
5.466431446088728,3.484099028204003,2.995349335712811
1.401616601355163,0.18659592483311,-0.041624938802604
-6.194307858297424,-0.933011960984443,0.217371043682423
0.301628988569117,0.341251118722528,0.158375285768461
-0.69802901562812,0.624384044857158,0.94376723656343
1.396960833621249,0.186862801669172,-0.081633904619297
0.824484219188167,0.401735771677059,0.254570951868539
-0.599297143030189,-0.016979406445981,-0.054200060641101
0.201350825646054,0.022863465755053,-0.036912784028956
0.169939066918222,-0.020215062427363,-0.083867760647754
0.944861822651433,0.387253334074332,0.204769363145945
3.347608688278233,-3.595439756115391,-4.150016455384995
5.340838325910033,-2.988316107627665,-3.370482195229435
1.131693060312382,0.419986789161385,0.185348159118979
0.423881495974882,2.337401129316003,2.23826614047473
2.511961358693909,-3.75562091986471,-4.314830742546546
-2.416262313866536,-0.813038610529936,-0.522897279845871
-1.205731116985772,-1.114220472184113,-0.916192637594325
1.025163950224487,0.380116750841613,0.125107307172536
-1.915960872348869,0.053979822934793,0.4330657480184
-0.007839527498904,0.342307392502839,0.136952517101505
3.833529863468796,-3.361276548433438,-3.839927720146114
-0.202321145359695,-0.489273070345641,-0.563572093628984
-6.026362379018261,-1.59858380385271,-0.641816559494111
0.229338628547021,0.339552893127348,0.20960932321771
-0.458367239467919,0.0354835190515,0.001596985068169
-1.925491518249329,3.555374052278723,3.818127083278098
0.182536436981599,0.017569003186094,-0.056693282896201
-1.243418143763757,2.802730048637702,3.182970030340135
0.488985489687191,0.327081850827222,0.162876076591268
0.165841941936564,0.037548105407601,0.011644155705544
0.476866931884406,0.330979117035478,0.154035455587753
-2.855540666855546,-0.236878437703591,0.168173593881801
-0.549408771751041,-0.061463428997371,-0.018776719616312
-0.762706042458847,-0.284723022254336,-0.349199488053921
-0.60473652904085,0.027631120475619,0.002555191155644
0.628607395497524,-0.227516212244958,-0.492779007887463
-2.009055158205937,0.0430306248913,0.462800274708527
-1.470205300692647,0.469348805551631,0.596360680821015
-3.985880018869491,1.593136767038047,2.294980984616125
0.681068955545198,0.184613614343003,0.008062523770588
4.650792683889525,3.385359037512633,2.669507330502774
-6.186582864911005,-1.300060890024035,-0.238216579572691
0.201863995531511,0.045055530794026,0.013947591556166
5.302878622994735,2.499491788024882,1.881104075124449
-0.364586459459083,-0.171645018050339,-0.190145724817884
-0.46173704120652,-0.141964804477031,-0.170075884975615
0.143294357572108,1.629227124638561,2.303525425885794
0.183420662012259,0.108964698797313,0.051701711318819
-2.813361878833493,-0.814831121862512,-0.461168636486876
0.068306397370604,2.643221025523754,2.621939307902917
6.279829153209043,1.364409326762833,0.635114359518664
-0.007340148323157,-0.327744072916994,-0.35040278646329
0.68121926948648,0.199715463234116,0.026616937295177
5.520733697220832,2.520329134972831,1.349049572155041
2.383478024044682,4.6653171783129,4.304325874487095
0.679701829317121,0.20088946630379,0.021808483772231
-0.002056904333798,0.168463520081194,0.035104399190567
0.647476349919266,0.525273843966471,0.422319866283261
-4.715619286740285,-0.29212019819964,0.504657176496201
-0.16131114468845,-0.206910333099975,-0.209808118529702
-0.494714481717437,-0.105947358876173,-0.066710220283333
1.210779152046074,-0.078054672735621,-0.172269606771349
-1.184809287641093,0.384894044235773,0.675813820370623
-0.631671278223552,0.019800874838106,-0.010116226415958
0.531341360712899,-0.841572603507246,-0.770009240585124
3.787283200266199,4.412459438487249,3.776972369084887
1.218445548832231,-0.030347673438142,-0.323927371494991
6.08135221094581,-2.214301850927304,-4.287635159829177
4.161271986735596,4.32464540238285,3.504792387469311
-0.634152332312417,0.014695006196576,0.010175192188532
1.843899790358195,4.690517371377441,4.570572532380041
0.13660466315579,0.284040400731332,0.129643192447539
0.647609065175776,1.78060742933426,1.726026791058402
-1.723394879815442,2.261528179194262,3.092611342762059
-2.556521542520023,-0.830786757879649,-0.656618960724269
0.68003599730025,0.168948218447542,-0.007530930089594
-0.599916270259952,0.012458874355658,0.008850488097098
-0.46765004653253,-0.157477627742186,-0.170985703657619
-6.012838132243736,-1.727112859762647,-0.640686451957329
-1.654575901837485,0.629568689012187,1.056745420331039
-0.530976718391316,-0.106685267483082,-0.103756260600178
0.678968250488982,0.16455967180415,-0.014596906873991
4.971436948842482,2.949078002028327,2.032290832392112
-0.632554790105257,0.020395049496993,0.016904235671071
0.498268486218219,0.327512766917815,0.165304021436448
-0.495235282836214,-0.106242936213034,-0.070846949178709
6.018908600319064,1.21495912864485,0.339844242555636
-0.493285058403285,0.018288168251942,0.027223306240093
3.558145310725964,4.369469686885379,3.907879167148668
-0.297149674875021,0.622650317810676,0.675162620550427
-6.155384342496483,-1.371506276968748,-0.419261292557004
5.57247349893086,3.552966743231255,2.680599495375898
-1.828011882377525,2.330927916549575,2.673208119631649
-0.632180311142975,0.019837079552321,-0.014616704944508
-0.446244221907716,-0.230573537655453,-0.199894726149336
0.602148871992573,0.275841275649499,0.085938661384539
0.799530368845807,1.131936338113075,0.727202949036841
-6.123271757233614,-1.494340850458373,-0.387740708523109
-0.815894819258625,0.557370611554794,0.718206574528456
-2.626305314216308,1.085053822756884,2.718964758733661
1.188223999664414,0.406554810019962,0.112569962619333
0.176684308826926,-0.02032278884147,-0.09801797999025
0.985843609215324,1.194046811864044,1.060452396153971
-0.393029600705859,-0.24515003759034,-0.264631787914095
-2.824133447425175,-0.029934291138953,-0.026311587215443
-0.574378079232997,-0.228420958326097,-0.172665517035369
-1.401151175618565,0.426083972022785,0.889735459750507
-0.637744085244381,0.054358639557077,0.016497919171353
-0.038116735066671,0.538737745379441,0.349911155763125
-0.613317356099154,-0.009314578062424,-0.066026120231085
-0.600463287975187,0.033102202229257,0.007169714528188
1.221833987753481,1.156014773067451,0.973679738463148
4.29322463858608,3.839081503197595,3.257231797929557
-0.503774538421053,-0.075481927867811,-0.026782805500484
4.588158320866113,3.441110541463984,2.46328136393996
0.529207921567348,0.300700992166737,0.099524603096614
1.387945322448371,0.365832247119634,0.160943289474451
0.179390032372701,0.061119251865121,-0.038028644747806
0.678949998079476,0.139261269953199,-0.045332318274137
-1.117951009585863,2.795628189963946,3.595085988911725
1.510537908813464,-0.356993675626726,-1.261146398703926
1.406380492666181,0.222458530249291,-0.004977886073752
-0.424743106863806,-0.178943564453074,-0.158632093584379
5.92173513488116,1.428130303587004,1.142647605579984
-0.602045902178529,0.026173986201487,0.004835161097943
-2.287700351470365,-0.834225717115773,-0.460668544141934
-2.747303423365973,-4.216803591505828,-3.670238558058614
5.150973693826283,3.382777025743099,2.155639875927083
-5.860704954381402,-2.025587908507036,-0.976932528623507
6.853793055599263,0.741105288395518,-0.560571458407394
0.173409579714056,0.079096957937573,0.079247857770682
-2.232055783193692,3.355908152732165,3.759587084151761
-1.923862313947303,0.064245456839129,0.389701847932024
-2.437172585786784,-0.813440203895147,-0.49807834623323
0.583663747949708,0.328863656223035,0.122048198593832
-0.504641311111096,-0.121068957059076,-0.095542340464731
-0.493943502442353,-0.083054608142454,-0.047260227879411
-0.599847871055284,0.012438048415857,-0.001010187713098
-0.491488253176133,-0.016379687369375,0.011051065205541
0.288902045411518,-0.154612081834009,-0.226617070929282
-1.405899369668941,3.442566822677626,3.665727149256661
-0.972821456451151,0.436265210855239,0.59951712586643
0.846614408411899,0.682860115487175,0.193558185558266
1.349012913992544,0.40414032476542,0.155963648785075
-1.912026749022196,-0.11589504479743,0.247280130029776
0.64623427467361,0.324585353930313,0.130420446769143
0.200919256266126,0.047505807227774,0.03081218324482
0.677921923927179,0.189269621314511,0.010817515982592
-0.000998921274758,0.116495669915193,-0.013814857300623
-0.658727267459717,-3.321642783289303,-3.088465775441696
0.437831419506095,-0.101602867538762,-0.082281874526447
1.135198087615485,0.418617871015703,0.166731139761439
0.731762968575707,0.435054260280457,0.294969415425578
-0.602499678184274,0.026133755306284,0.004333154858852
0.478974917799704,0.330472720066113,0.139691398677038
-0.6034914685601,0.027834290266449,0.006326484484194
0.244958673627932,0.426634967074819,0.317886351770954
0.64440926984234,-1.238090441476956,-1.642456360500054
0.7546625419811,0.435247743413255,0.275859814037057
-0.639067262825688,0.04158496404481,0.002677547417525
0.181328582174999,-0.543162535958226,-0.668050798769918
-6.176721597200414,-1.294230215083974,-0.298842229406855
-0.516296564829122,-0.05597515344714,-0.039335594834453
1.408832298367499,0.234170838219978,-0.014048488771521
-0.029403225068759,0.989929433414536,1.096494848767341
-0.515005778579013,0.004015837181676,0.05204156203806
-5.626669115367624,-2.286153658457008,-1.323684532698484
1.409745522757887,0.289360937943157,0.034539698028779
-0.703380713985753,-0.095682951865988,-0.051022478907337
1.410934403729672,0.255263167467941,-0.000553493849911
0.253356531758115,1.742749411814989,1.908274072275587
0.184032424644837,0.026403577748875,-0.099482909907128
1.19766162634679,0.420974600390696,0.124737009710797
0.69848422989107,0.18950857456741,0.014375267913229
-2.598107463058752,-0.783434074703791,-0.454682775006513
6.158442772258594,1.358039925307873,0.498401215680399
4.034753430039492,3.112596784246411,2.467375394959638
0.423557606523291,2.76260070208069,3.861776590902012
